amt,city_pop,hora,dia_semana,idade,dist_cliente_comerciante,category_food_dining,category_gas_transport,category_grocery_net,category_grocery_pos,category_health_fitness,category_home,category_kids_pets,category_misc_net,category_misc_pos,category_personal_care,category_shopping_net,category_shopping_pos,category_travel,gender_M,periodo_dia_manha,periodo_dia_noite,periodo_dia_tarde,real,proba_fraude_rf,previsto_rf
3.05,95015,12,2,74,0.5572436047053407,False,False,False,False,False,False,False,False,False,True,False,False,False,True,False,False,True,0,0.046976039852642544,0
9.95,895,16,0,21,0.6446565590490805,True,False,False,False,False,False,False,False,False,False,False,False,False,True,False,False,True,0,0.01922301546888632,0
2.52,3688,18,4,32,0.869778939745615,False,False,False,False,False,False,False,False,False,False,True,False,False,False,False,True,False,0,0.04128292649657818,0
77.49,5989,5,6,53,1.0475973097378608,True,False,False,False,False,False,False,False,False,False,False,False,False,False,False,False,False,0,0.07902163684953628,0
34.62,630,12,4,60,1.0680365844454933,False,False,False,False,False,False,False,False,False,True,False,False,False,False,False,False,True,0,0.017267628935219242,0
8.64,3104,21,6,39,1.176014389112655,False,False,False,False,False,False,False,False,False,False,True,False,False,False,False,True,False,0,0.056023782738283276,0
3.01,128354,21,4,28,0.8502881677649017,False,False,False,False,False,False,False,False,False,False,False,True,False,False,False,True,False,0,0.03813385778367667,0
36.46,144160,1,2,36,0.6215699269044486,False,False,False,False,False,False,False,False,True,False,False,False,False,False,False,False,False,0,0.15535716013250422,0
43.95,5989,1,3,53,0.9396616717313672,False,True,False,False,False,False,False,False,False,False,False,False,False,False,False,False,False,0,0.1433698819289843,0
2.41,6434,2,2,53,0.6900199228986141,False,False,False,False,False,False,False,False,False,False,False,True,False,True,False,False,False,0,0.09727096839395183,0
2.43,18408,21,4,48,0.719827898188173,False,False,False,False,False,False,False,False,False,False,False,False,True,True,False,True,False,0,0.07708796111159927,0
66.8,277,21,3,48,0.9903099983187076,False,False,False,False,False,False,False,False,False,False,False,False,False,True,False,True,False,0,0.0403606995653176,0
8.58,811,22,4,48,0.9477561500201396,False,False,False,False,True,False,False,False,False,False,False,False,False,False,False,True,False,0,0.5677616107835508,1
36.58,1241364,20,1,61,0.6659595452247814,False,False,False,False,False,False,True,False,False,False,False,False,False,True,False,True,False,0,0.014038109424148883,0
131.55,36784,9,1,79,0.8133066780501673,False,False,False,False,False,False,False,False,True,False,False,False,False,False,True,False,False,0,0.017071649076637774,0
231.63,545147,4,4,32,0.618691327936637,False,False,False,True,False,False,False,False,False,False,False,False,False,False,False,False,False,0,0.04123481729509658,0
106.22,741,4,6,34,0.9489734607585192,False,False,False,True,False,False,False,False,False,False,False,False,False,True,False,False,False,0,0.02411660651701999,0
8.47,2089,4,1,57,0.567919001148043,False,False,False,False,False,False,False,False,False,False,True,False,False,False,False,False,False,0,0.07379907717562094,0
50.63,190178,5,5,47,0.5807217820686568,False,False,True,False,False,False,False,False,False,False,False,False,False,True,False,False,False,0,0.04245321752836824,0
85.64,1654,9,6,29,0.9871507879047652,False,False,False,False,False,False,False,False,False,False,True,False,False,True,True,False,False,0,0.007361531280632407,0
67.78,1583,10,0,21,0.45519735755384155,False,False,True,False,False,False,False,False,False,False,False,False,False,False,True,False,False,0,0.010737854471735482,0
198.61,239,10,0,64,0.3337432256945432,False,False,False,False,False,False,False,False,False,False,False,True,False,True,True,False,False,0,0.0077093017645449465,0
1.56,7268,23,2,32,0.24898595912419838,False,False,False,False,False,True,False,False,False,False,False,False,False,True,False,True,False,0,0.09675483893031289,0
216.55,2054,3,3,57,0.9222107463481362,False,False,False,False,False,False,False,False,False,False,True,False,False,False,False,False,False,0,0.0480462306570274,0
96.33,1075,21,6,23,0.7917338518776337,False,False,False,False,False,False,False,False,False,False,False,False,False,False,False,True,False,0,0.07067652915389756,0
62.3,321,5,6,41,0.27262090522921845,False,True,False,False,False,False,False,False,False,False,False,False,False,False,False,False,False,0,0.05656184202908472,0
26.19,184,13,0,75,0.9036390541936574,False,False,False,False,False,False,False,False,False,False,False,False,False,False,False,False,True,0,0.028479127737726463,0
94.38,647,21,1,33,0.5956033262029471,False,False,False,False,False,False,True,False,False,False,False,False,False,False,False,True,False,0,0.0405277647316083,0
137.04,321490,22,3,28,0.8451569532779115,False,False,False,False,False,False,False,False,True,False,False,False,False,True,False,True,False,0,0.13099763352599056,0
94.38,5760,16,2,41,0.9603261409838878,False,False,False,False,False,False,False,False,False,True,False,False,False,False,False,False,True,0,0.01709475469174566,0
75.24,2097,23,6,32,0.8289412661558139,False,False,False,False,False,False,False,False,False,False,False,False,False,True,False,True,False,0,0.2929837511194489,0
1.16,2148,3,0,67,1.0698328092188076,False,False,False,False,False,False,False,True,False,False,False,False,False,False,False,False,False,0,0.08294015973315942,0
29.89,1850,18,5,56,0.41250243017587274,False,False,False,False,False,False,False,False,False,False,False,False,False,False,False,True,False,0,0.0848591132942732,0
36.35,255,20,0,48,0.6952351179694546,False,False,False,False,False,True,False,False,False,False,False,False,False,False,False,True,False,0,0.019725652209722035,0
140.41,61,16,4,80,0.4121821465723622,False,False,False,False,False,False,True,False,False,False,False,False,False,False,False,False,True,0,0.01951381469241643,0
62.63,630,8,2,61,0.48510898652261736,False,False,False,False,False,False,False,False,False,False,True,False,False,False,True,False,False,0,0.007298434287152477,0
63.32,348,23,6,75,0.6668118685813775,False,False,False,False,True,False,False,False,False,False,False,False,False,True,False,True,False,0,0.20643921887132768,0
38.01,247,14,2,58,0.6798798757089307,False,False,False,False,False,False,True,False,False,False,False,False,False,False,False,False,True,0,0.011844845805898476,0
94.37,1383,7,1,54,0.7798876287491622,False,False,False,False,False,False,False,False,False,False,False,False,False,True,True,False,False,0,0.008474515580441808,0
1.18,1789,0,3,38,0.7346968086258369,False,False,False,False,False,False,False,True,False,False,False,False,False,False,False,False,False,0,0.17004902864203997,0
36.43,190178,20,6,47,1.104095262168982,False,False,False,False,False,True,False,False,False,False,False,False,False,True,False,True,False,0,0.019207352390245472,0
92.59,59744,20,2,36,0.978014776969141,False,False,False,False,False,False,True,False,False,False,False,False,False,False,False,True,False,0,0.02727323659403444,0
7.72,1789,19,4,38,0.788217610466808,False,False,False,False,False,False,False,False,False,False,False,False,True,False,False,True,False,0,0.1451008376290767,0
183.18,5621,2,3,47,0.6534105522755232,False,False,False,True,False,False,False,False,False,False,False,False,False,False,False,False,False,0,0.10005160936839157,0
43.8,1190,18,6,72,0.3070954488314605,False,False,False,False,False,False,True,False,False,False,False,False,False,False,False,True,False,0,0.04392416700360471,0
68.63,673342,11,2,53,0.6550402779386971,False,False,False,False,False,False,False,False,False,False,True,False,False,True,True,False,False,0,0.012440055371769242,0
71.99,4993,6,4,71,0.8893698428016281,True,False,False,False,False,False,False,False,False,False,False,False,False,False,True,False,False,0,0.0526530455026818,0
55.08,372,4,3,25,0.8237169302478843,False,True,False,False,False,False,False,False,False,False,False,False,False,False,False,False,False,0,0.0686089410520159,0
2.96,20478,21,6,23,0.9139539870890623,False,False,False,False,False,False,False,False,False,False,False,True,False,True,False,True,False,0,0.04868148663183284,0
57.89,50489,22,3,36,1.016467099810417,False,False,False,False,True,False,False,False,False,False,False,False,False,False,False,True,False,0,0.2787790865357886,0
4.44,5211,23,2,33,1.0510249763093151,False,False,False,False,False,False,False,False,True,False,False,False,False,True,False,True,False,0,0.23021525888175826,0
28.29,69793,23,3,67,0.40550773168460796,False,False,False,False,False,False,False,False,False,True,False,False,False,True,False,True,False,0,0.223290614902615,0
4.88,798,21,6,94,0.516223064297786,False,False,False,False,False,False,True,False,False,False,False,False,False,True,False,True,False,0,0.04815126344986996,0
90.44,5577,7,1,55,0.6744192515853953,False,False,False,True,False,False,False,False,False,False,False,False,False,False,True,False,False,0,0.01194802877576337,0
261.64,2470,5,3,52,0.5816477429346847,False,False,False,False,False,False,False,True,False,False,False,False,False,True,False,False,False,0,0.2586370648730882,0
156.49,48194,23,3,30,1.0235346334057267,False,False,False,False,True,False,False,False,False,False,False,False,False,True,False,True,False,0,0.13633065039414266,0
30.88,937,21,0,62,0.9914670212377131,True,False,False,False,False,False,False,False,False,False,False,False,False,True,False,True,False,0,0.027822789482873707,0
67.21,134056,11,1,40,0.4908260569488957,False,True,False,False,False,False,False,False,False,False,False,False,False,True,True,False,False,0,0.007948414017419086,0
113.66,525713,21,1,28,0.64523597901233,False,False,False,False,False,False,True,False,False,False,False,False,False,False,False,True,False,0,0.022323026450013432,0
82.51,828,23,3,29,1.044475809478141,False,False,False,False,False,True,False,False,False,False,False,False,False,True,False,True,False,0,0.0926087326712175,0
3.65,3495,3,2,32,0.8550519302650561,False,False,False,False,False,False,False,False,True,False,False,False,False,False,False,False,False,0,0.29180005712580825,0
43.31,540,16,3,36,0.824890268370283,False,False,False,False,False,False,False,False,False,False,False,False,False,False,False,False,True,0,0.03370339482389188,0
74.09,139,1,0,66,1.2091925545788933,False,True,False,False,False,False,False,False,False,False,False,False,False,False,False,False,False,0,0.08088765505132761,0
68.4,899,1,1,53,0.8261612781176617,False,True,False,False,False,False,False,False,False,False,False,False,False,True,False,False,False,0,0.12418230947094183,0
104.05,1383,19,1,54,0.7269329937050569,False,False,False,False,True,False,False,False,False,False,False,False,False,True,False,True,False,0,0.024331783980174344,0
9.56,581,14,1,53,0.818267050644225,False,False,False,False,False,False,True,False,False,False,False,False,False,False,False,False,True,0,0.02304969037308357,0
4.9,158701,19,5,42,0.5880156067656674,False,False,False,False,False,False,False,False,False,False,True,False,False,True,False,True,False,0,0.025741129045055856,0
49.3,341,5,6,87,1.0895834120493058,False,True,False,False,False,False,False,False,False,False,False,False,False,False,False,False,False,0,0.03371457877372499,0
59.38,606,11,4,32,0.9032520200276294,False,False,False,True,False,False,False,False,False,False,False,False,False,False,True,False,False,0,0.007269345290864554,0
43.14,21902,16,4,40,0.8567043187121315,False,False,False,False,False,False,False,False,False,False,True,False,False,False,False,False,True,0,0.020216590902849926,0
29.38,76383,20,5,35,1.1169957545639997,False,False,False,False,True,False,False,False,False,False,False,False,False,True,False,True,False,0,0.03144131999484815,0
105.54,143,0,1,38,0.3277590157722611,False,False,False,True,False,False,False,False,False,False,False,False,False,True,False,False,False,0,0.05354631699666604,0
5.53,1412,23,5,50,1.0393707111295805,False,False,False,False,False,False,False,False,False,False,True,False,False,False,False,True,False,0,0.14500463914849612,0
269.22,9512,22,5,47,0.564858094562699,False,False,False,False,False,False,False,False,False,False,True,False,False,False,False,True,False,0,0.4504310680242479,0
3.53,811,13,1,48,1.1339619448782203,False,False,False,False,False,False,False,False,False,False,True,False,False,False,False,False,True,0,0.016024514931244602,0
53.55,18760,10,1,87,0.3026504198262396,False,True,False,False,False,False,False,False,False,False,False,False,False,True,True,False,False,0,0.016747616334081755,0
80.59,6581,7,6,56,0.9314385603624159,False,True,False,False,False,False,False,False,False,False,False,False,False,False,True,False,False,0,0.03905228973977209,0
61.14,718,1,4,35,0.23823578563263284,False,True,False,False,False,False,False,False,False,False,False,False,False,False,False,False,False,0,0.142168996226287,0
5.11,1022298,16,2,44,0.4928156337313062,False,False,False,False,False,False,False,False,False,False,True,False,False,True,False,False,True,0,0.026537314683209887,0
53.62,12486,16,5,86,1.2091774286422967,False,False,False,False,False,True,False,False,False,False,False,False,False,False,False,False,True,0,0.019545683076964093,0
157.48,5648,12,3,85,0.9274405177050346,False,False,False,False,False,False,True,False,False,False,False,False,False,False,False,False,True,0,0.021385018299709072,0
42.85,286,9,1,31,0.46251353721161154,False,False,True,False,False,False,False,False,False,False,False,False,False,True,True,False,False,0,0.003362771537883259,0
25.53,50835,21,6,34,1.1739031338726353,False,False,False,False,False,False,False,False,False,True,False,False,False,False,False,True,False,0,0.06505046228185725,0
6.64,9565,11,6,92,0.8646413873190414,False,False,False,False,False,False,False,False,False,False,False,True,False,True,True,False,False,0,0.017571380967018674,0
47.2,1766,22,1,44,0.5275421758883378,True,False,False,False,False,False,False,False,False,False,False,False,False,False,False,True,False,0,0.2952679703980131,0
4.1,2872,6,0,32,0.3834874132967063,False,False,False,False,False,False,False,False,True,False,False,False,False,False,True,False,False,0,0.034742316063773516,0
2.2,817312,13,0,16,0.2495164485980807,False,False,False,False,False,False,False,False,False,True,False,False,False,True,False,False,True,0,0.019888816325719295,0
73.36,238602,2,5,27,1.1858628549377015,False,False,True,False,False,False,False,False,False,False,False,False,False,True,False,False,False,0,0.12001070203186359,0
164.2,230,13,0,22,0.9664052224776085,False,False,False,False,False,False,False,False,False,False,False,True,False,False,False,False,True,0,0.010708062540805474,0
15.87,14871,21,1,46,0.8955042752974396,False,False,False,False,True,False,False,False,False,False,False,False,False,False,False,True,False,0,0.10128022615880934,0
153.94,21125,16,0,35,0.5523575442229396,False,False,False,False,False,True,False,False,False,False,False,False,False,False,False,False,True,0,0.016771697747216725,0
98.15,1847,5,2,31,1.370265515970534,False,True,False,False,False,False,False,False,False,False,False,False,False,False,False,False,False,0,0.048696708990691354,0
5.45,743,13,6,48,0.8559632181782107,False,False,False,False,False,False,False,False,True,False,False,False,False,False,False,False,True,0,0.04078781850004266,0
53.38,1506,22,3,60,0.7394514242903211,False,False,False,False,False,True,False,False,False,False,False,False,False,True,False,True,False,0,0.11306704235438035,0
2.53,217,23,6,30,0.5902976683580917,False,False,False,False,False,True,False,False,False,False,False,False,False,False,False,True,False,0,0.10622791936389267,0
170.63,1120,21,5,63,0.9726120976525017,False,False,False,False,False,False,True,False,False,False,False,False,False,True,False,True,False,0,0.03001253303247339,0
525.12,198,9,0,61,0.8367359131960319,False,False,False,False,False,False,False,True,False,False,False,False,False,True,True,False,False,0,0.1301342161773332,0
8.21,302,17,1,30,0.26928546238146495,False,False,False,False,False,False,True,False,False,False,False,False,False,False,False,False,True,0,0.028108558174797425,0
259.9,116155,12,1,37,0.2368699409718296,False,False,False,False,False,True,False,False,False,False,False,False,False,False,False,False,True,0,0.15770949038200838,0
8.88,4913,0,5,53,0.24640188685154266,False,False,False,False,False,False,False,False,False,False,True,False,False,False,False,False,False,0,0.16744445646383302,0
145.51,1078,4,1,68,0.1586793930540471,False,False,False,True,False,False,False,False,False,False,False,False,False,False,False,False,False,0,0.014522354818040479,0
68.19,823,13,5,38,0.7010370343426945,False,False,False,False,False,False,False,False,False,False,False,False,False,True,False,False,True,0,0.014274852981636199,0
8.48,2504700,16,0,21,0.8806585502134183,False,False,False,False,False,False,False,False,False,False,False,True,False,False,False,False,True,0,0.01711660822089461,0
58.42,1804,13,3,46,1.091399144271696,True,False,False,False,False,False,False,False,False,False,False,False,False,True,False,False,True,0,0.01631676404196323,0
40.75,302,9,1,30,0.9745637202071488,False,True,False,False,False,False,False,False,False,False,False,False,False,False,True,False,False,0,0.004150856704163272,0
45.68,50489,1,5,36,0.9783747992339173,False,False,True,False,False,False,False,False,False,False,False,False,False,False,False,False,False,0,0.12732654428920906,0
593.92,50489,15,0,36,0.6208620439775655,False,False,False,False,False,False,False,False,False,False,False,False,True,False,False,False,True,0,0.07639272180954607,0
174.63,21902,22,1,39,0.9346725382383948,False,False,False,False,False,True,False,False,False,False,False,False,False,False,False,True,False,0,0.18108680052932935,0
70.76,267,0,0,15,0.5632214331193355,False,True,False,False,False,False,False,False,False,False,False,False,False,True,False,False,False,0,0.05185174253383259,0
94.42,1970,1,4,34,0.9338725512450728,False,False,False,True,False,False,False,False,False,False,False,False,False,False,False,False,False,0,0.08865726160996981,0
33.48,320420,18,0,44,0.4383971990296007,True,False,False,False,False,False,False,False,False,False,False,False,False,False,False,True,False,0,0.030278343805438417,0
69.42,2856,11,1,93,0.7716263415675948,False,True,False,False,False,False,False,False,False,False,False,False,False,False,True,False,False,0,0.01816721094556413,0
1.38,1120,6,1,63,0.4265836399511815,False,False,False,False,False,False,False,True,False,False,False,False,False,True,True,False,False,0,0.012804086249106707,0
7.98,776,0,0,70,0.7575681699292781,False,False,False,False,False,False,False,False,False,False,False,True,False,True,False,False,False,0,0.11963616092520186,0
1.67,3805,22,1,69,0.6989575611244262,False,False,False,False,False,False,False,False,False,True,False,False,False,False,False,True,False,0,0.24180007686713528,0
23.68,551,5,2,49,0.6225372469218144,False,False,True,False,False,False,False,False,False,False,False,False,False,False,False,False,False,0,0.1425919725048714,0
60.37,2906700,15,4,36,1.0478972853104498,False,False,False,False,False,False,False,False,False,False,False,False,False,False,False,False,True,0,0.03165092570187057,0
13.11,12335,18,1,33,0.10181121962239563,False,False,False,False,False,False,False,False,False,False,False,False,False,False,False,True,False,0,0.12941281768463872,0
124.67,673342,4,6,50,0.7193747007512825,False,False,False,False,False,False,False,False,False,False,False,True,False,True,False,False,False,0,0.03595741813294446,0
12.0,3684,18,1,44,0.6550663922115038,False,False,False,False,False,False,True,False,False,False,False,False,False,True,False,True,False,0,0.0969119838102368,0
6.73,2158,6,5,59,0.8952436823223073,False,False,False,False,False,False,False,True,False,False,False,False,False,False,True,False,False,0,0.0345451038517956,0
74.34,1490,14,5,29,0.8683501991161225,False,False,False,False,False,True,False,False,False,False,False,False,False,False,False,False,True,0,0.026743026663664238,0
72.79,965,16,2,38,0.9736432628853362,False,False,False,False,False,False,False,False,False,False,False,False,False,True,False,False,True,0,0.01823866152663026,0
162.56,139650,6,0,63,0.3966446627020193,False,False,False,False,False,False,False,False,True,False,False,False,False,True,True,False,False,0,0.013416693864859738,0
128.26,99,20,0,34,0.7638976746724673,False,False,False,False,False,False,False,False,False,False,False,True,False,True,False,True,False,0,0.023752133490383697,0
86.83,6469,18,6,41,0.8936379943332701,True,False,False,False,False,False,False,False,False,False,False,False,False,False,False,True,False,0,0.05870951608607771,0
140.18,471,10,0,53,1.0311158350301846,False,False,False,True,False,False,False,False,False,False,False,False,False,True,True,False,False,0,0.010432837341719741,0
7.02,2661,15,5,72,0.8127807714876181,False,False,False,False,False,False,False,False,False,False,False,False,True,True,False,False,True,0,0.06575666395943248,0
124.26,1700,23,5,18,1.1827028668406085,False,False,False,False,False,False,False,False,False,False,False,False,False,True,False,True,False,0,0.26925243864513576,0
26.55,1304,21,5,50,1.0085574558035841,False,False,False,False,False,True,False,False,False,False,False,False,False,False,False,True,False,0,0.036870209340588884,0
76.75,2303,19,6,33,0.5191507455701025,False,False,False,False,False,False,False,True,False,False,False,False,False,False,False,True,False,0,0.051189662547924564,0
72.56,5211,6,6,33,0.948477868798213,False,False,True,False,False,False,False,False,False,False,False,False,False,True,True,False,False,0,0.015950591920665655,0
94.99,1988,10,0,42,0.533326495977839,False,False,False,True,False,False,False,False,False,False,False,False,False,True,True,False,False,0,0.01541307102306893,0
489.25,1312922,5,1,38,0.9181441946170608,False,False,False,False,False,False,False,False,True,False,False,False,False,False,False,False,False,0,0.23810242944551102,0
84.14,86954,7,3,27,0.31969904507990154,False,True,False,False,False,False,False,False,False,False,False,False,False,True,True,False,False,0,0.020526320151968352,0
71.34,145,17,0,81,0.7467821946839547,False,False,False,False,True,False,False,False,False,False,False,False,False,True,False,False,True,0,0.013782488312305961,0
40.24,4729,16,6,38,0.29821549988053925,False,False,False,False,True,False,False,False,False,False,False,False,False,True,False,False,True,0,0.02218280122204389,0
128.93,277,16,1,48,1.1845867602218925,False,False,False,False,False,False,False,False,False,False,False,True,False,True,False,False,True,0,0.0206754666699514,0
7.73,35371,20,4,32,0.6039743031123141,False,False,False,False,False,True,False,False,False,False,False,False,False,False,False,True,False,0,0.056917871197257726,0
42.83,324,18,6,44,1.1750129847048447,False,False,False,False,True,False,False,False,False,False,False,False,False,False,False,True,False,0,0.04839921932778957,0
7.49,2016,15,4,66,0.8582099395940371,False,False,False,False,False,False,False,False,False,False,False,False,True,False,False,False,True,0,0.08206684419312188,0
29.07,230,19,4,23,0.8315807304465453,True,False,False,False,False,False,False,False,False,False,False,False,False,False,False,True,False,0,0.04645921534664827,0
3.0,378909,6,0,43,0.7746629978216305,False,False,False,False,False,False,False,True,False,False,False,False,False,False,True,False,False,0,0.020114788379818865,0
25.93,218,13,0,25,0.913035046664145,False,False,False,False,False,False,False,False,False,True,False,False,False,True,False,False,True,0,0.013291073255944419,0
83.15,47249,4,4,39,0.41126648481125544,False,True,False,False,False,False,False,False,False,False,False,False,False,True,False,False,False,0,0.05903883461030308,0
1108.71,571,23,2,89,0.8685174668145715,False,False,False,False,False,False,False,False,False,False,True,False,False,False,False,True,False,1,0.9881863699825592,1
1.12,32891,14,4,33,1.3673758480260627,False,False,False,False,False,False,False,True,False,False,False,False,False,True,False,False,True,0,0.027334522936162363,0
7.75,18128,5,6,29,1.1454418673900488,False,False,False,False,False,False,False,True,False,False,False,False,False,False,False,False,False,0,0.09361168450721186,0
73.77,2054,16,1,43,0.8282190334108498,False,False,False,False,True,False,False,False,False,False,False,False,False,True,False,False,True,0,0.015961991926517344,0
18.06,13973,21,2,39,0.8695235647790149,False,False,False,False,False,True,False,False,False,False,False,False,False,False,False,True,False,0,0.06153664413610687,0
9.02,571,12,5,89,0.7792912528150161,False,False,False,False,False,False,False,False,False,False,False,False,True,False,False,False,True,0,0.07896938287254172,0
1.81,5507,17,3,47,1.2666310241337004,False,False,False,False,False,False,False,False,False,False,True,False,False,True,False,False,True,0,0.021988362429869818,0
47.36,2504700,18,1,20,0.8825085325060654,False,False,False,False,False,True,False,False,False,False,False,False,False,False,False,True,False,0,0.02535018630090072,0
31.1,798,2,0,94,0.9015299481669963,False,False,False,False,False,False,False,False,True,False,False,False,False,True,False,False,False,0,0.05324410454086449,0
19.31,6951,19,3,35,0.3187840330035321,True,False,False,False,False,False,False,False,False,False,False,False,False,False,False,True,False,0,0.11733451393831604,0
23.8,589,19,4,74,0.13296493995410472,False,False,False,False,True,False,False,False,False,False,False,False,False,True,False,True,False,0,0.08503957974300332,0
89.01,1533,0,1,85,0.25989035640438607,False,False,False,False,False,False,False,False,False,False,True,False,False,False,False,False,False,0,0.0387392756310833,0
469.05,3495,22,6,32,0.6025032263166715,False,False,False,False,False,False,False,False,False,False,False,True,False,False,False,True,False,0,0.76169358507229,1
231.96,7268,13,0,31,0.43812368892813724,False,False,False,False,False,False,False,False,True,False,False,False,False,True,False,False,True,0,0.015461228249826344,0
77.79,198,21,5,41,0.6113961885864198,False,False,False,False,False,True,False,False,False,False,False,False,False,True,False,True,False,0,0.016642395461870806,0
36.79,79008,2,0,35,0.6524495937511122,False,False,True,False,False,False,False,False,False,False,False,False,False,True,False,False,False,0,0.11095637383408061,0
4.25,263,11,0,64,0.7755919586593122,False,False,False,False,False,False,False,False,False,False,False,True,False,False,True,False,False,0,0.012817960991823411,0
32.3,4172,5,1,58,0.8078866975690308,False,False,False,False,False,False,False,True,False,False,False,False,False,True,False,False,False,0,0.020613361486333408,0
9.12,4573,12,0,32,0.4932122867589619,False,False,False,False,False,False,False,False,False,False,False,True,False,True,False,False,True,0,0.021031201030576187,0
7.89,471,14,0,52,0.5855684466268654,False,False,False,False,False,True,False,False,False,False,False,False,False,True,False,False,True,0,0.012198163316668164,0
1.24,272,23,6,18,0.5964768985115863,True,False,False,False,False,False,False,False,False,False,False,False,False,True,False,True,False,0,0.12780219188463163,0
1.54,4306,13,3,30,1.0423195300069887,False,False,False,False,False,False,False,False,True,False,False,False,False,True,False,False,True,0,0.028950425295377204,0
6.7,493806,15,6,40,0.519704872119742,False,False,False,False,False,False,False,False,False,False,False,True,False,True,False,False,True,0,0.022756088410961085,0
249.34,95015,6,3,74,0.7916929075708613,True,False,False,False,False,False,False,False,False,False,False,False,False,True,True,False,False,0,0.048376115207180714,0
67.33,3730,4,1,29,0.7141103717283472,False,True,False,False,False,False,False,False,False,False,False,False,False,True,False,False,False,0,0.05092978724452576,0
9.25,653,3,6,54,0.8623565017833426,False,False,False,False,False,False,False,False,False,False,True,False,False,True,False,False,False,0,0.09478907537859864,0
55.7,42817,18,5,38,1.0146702432184624,False,False,False,False,True,False,False,False,False,False,False,False,False,False,False,True,False,0,0.03870177254642424,0
7.61,1766,19,6,44,1.016411744317233,False,False,False,False,False,False,False,False,True,False,False,False,False,False,False,True,False,0,0.13954902971383037,0
3.39,2504700,12,1,20,1.1318779300189545,False,False,False,False,False,False,True,False,False,False,False,False,False,False,False,False,True,0,0.017950674927738854,0
188.89,391389,3,0,26,0.5942499658939817,False,False,False,True,False,False,False,False,False,False,False,False,False,False,False,False,False,0,0.06257843559366268,0
182.57,111,12,5,20,0.7289053853724738,False,False,False,False,False,False,False,False,False,False,False,True,False,True,False,False,True,0,0.017861477712473463,0
6.72,54287,1,6,48,0.7748441177120703,False,False,False,False,False,False,False,False,True,False,False,False,False,False,False,False,False,0,0.30627248015875186,0
112.63,724,20,0,24,0.5680236240245582,False,False,False,False,False,False,False,False,False,False,False,True,False,False,False,True,False,0,0.03515582571559138,0
25.68,513,7,4,44,0.8524426396473898,False,False,True,False,False,False,False,False,False,False,False,False,False,False,True,False,False,0,0.03323098467492906,0
1.62,1078,5,6,68,0.8955424942793005,False,False,False,False,False,False,False,True,False,False,False,False,False,False,False,False,False,0,0.058800425936084554,0
88.05,308,4,6,61,0.42940970258832656,False,True,False,False,False,False,False,False,False,False,False,False,False,True,False,False,False,0,0.031392572597498815,0
102.3,4895,11,0,61,0.9748488632008512,False,False,False,False,False,False,False,True,False,False,False,False,False,False,True,False,False,0,0.007370883341446176,0
3.87,376,20,0,82,0.7906706558118869,False,False,False,False,False,False,False,False,False,False,False,False,True,True,False,True,False,0,0.08411626015849481,0
4.59,166081,15,3,21,0.8342662263834001,True,False,False,False,False,False,False,False,False,False,False,False,False,False,False,False,True,0,0.023810617073534275,0
41.46,7646,12,2,32,1.152050141232148,False,False,False,False,False,False,False,False,False,False,True,False,False,False,False,False,True,0,0.012681609902248231,0
51.87,9496,0,6,27,1.0572186521174278,False,False,False,True,False,False,False,False,False,False,False,False,False,True,False,False,False,0,0.05775319165259726,0
29.08,3688,14,0,47,0.8285972673506672,False,False,False,False,False,True,False,False,False,False,False,False,False,True,False,False,True,0,0.006120828078989744,0
4.53,20328,19,3,35,0.7877991810893107,True,False,False,False,False,False,False,False,False,False,False,False,False,True,False,True,False,0,0.05013645015791242,0
162.46,35299,12,5,45,0.6205610005873766,False,False,False,False,False,False,False,True,False,False,False,False,False,True,False,False,True,0,0.014795375636801375,0
1.02,355,3,2,65,1.1609030998705232,False,False,False,False,False,False,False,False,False,False,False,True,False,False,False,False,False,0,0.06815716282456512,0
3.83,24840,5,0,60,0.8036152579350371,False,False,False,False,False,False,False,False,False,False,False,False,False,True,False,False,False,0,0.07740811920405667,0
12.35,74,21,6,76,0.883121200974134,False,False,False,False,True,False,False,False,False,False,False,False,False,True,False,True,False,0,0.06762092098051976,0
8.57,223,8,6,81,0.3925291566711966,False,False,False,False,False,False,False,False,False,False,True,False,False,True,True,False,False,0,0.02089803730391608,0
7.5,3395,12,2,41,0.6353979238272709,False,False,False,False,False,False,False,False,False,True,False,False,False,True,False,False,True,0,0.032655637401886345,0
149.36,493806,17,3,40,0.6880030246045431,False,False,False,False,False,False,False,False,False,True,False,False,False,True,False,False,True,0,0.010225364790736014,0
1.02,95015,7,4,74,0.6192312280925404,False,False,False,False,False,False,False,False,False,False,False,True,False,True,True,False,False,0,0.017785365684172685,0
1.94,248,1,2,52,1.1514823323147443,False,False,False,False,False,False,False,False,True,False,False,False,False,False,False,False,False,0,0.11911795246323081,0
105.14,1080,4,0,41,0.5273644149210256,False,False,False,True,False,False,False,False,False,False,False,False,False,True,False,False,False,0,0.011882757544647295,0
84.29,965,16,1,38,0.44133212760686996,False,False,False,False,False,True,False,False,False,False,False,False,False,True,False,False,True,0,0.008595152081774955,0
110.42,489,6,6,64,0.8308132723157516,False,False,False,False,False,False,False,False,False,False,True,False,False,False,True,False,False,0,0.009024396625999097,0
206.95,84106,4,4,49,0.4323952627168805,False,False,False,True,False,False,False,False,False,False,False,False,False,False,False,False,False,0,0.03447325839543405,0
69.66,595,11,6,41,0.3629490306172454,False,True,False,False,False,False,False,False,False,False,False,False,False,True,True,False,False,0,0.007552547749784382,0
7.96,95035,20,1,33,0.5620842919358321,True,False,False,False,False,False,False,False,False,False,False,False,False,True,False,True,False,0,0.04982190277136954,0
30.55,116155,12,6,37,0.29738293307451796,True,False,False,False,False,False,False,False,False,False,False,False,False,False,False,False,True,0,0.030938124130644108,0
54.56,302,22,2,47,1.2253404559974286,False,False,False,False,False,False,True,False,False,False,False,False,False,False,False,True,False,0,0.23748220306907053,0
1.54,1791,2,1,55,0.9004675248658338,False,False,False,False,False,False,False,False,False,False,True,False,False,False,False,False,False,0,0.08044904811647373,0
1.17,4653,14,0,23,1.0971448432599873,False,False,False,False,False,False,False,False,False,False,True,False,False,True,False,False,True,0,0.011867151615460465,0
105.29,241,7,4,45,0.6484526115669486,False,False,False,True,False,False,False,False,False,False,False,False,False,False,True,False,False,0,0.0075727901324009455,0
9.02,454,6,5,47,0.9915425253069079,False,False,False,False,False,False,False,True,False,False,False,False,False,False,True,False,False,0,0.03455254752690938,0
173.27,6284,5,2,84,0.07321822839292988,False,False,False,False,False,False,False,False,False,False,False,True,False,True,False,False,False,0,0.0286618312977214,0
78.19,841711,0,1,57,0.6473656736906864,False,True,False,False,False,False,False,False,False,False,False,False,False,True,False,False,False,0,0.16618670194205845,0
9.14,493806,16,4,40,1.1228873052773443,False,False,False,False,False,False,False,False,False,False,True,False,False,True,False,False,True,0,0.031318321088548866,0
2.67,153,7,1,58,0.7093404886131859,False,False,False,False,False,False,False,False,True,False,False,False,False,True,True,False,False,0,0.01336270343944725,0
6.44,242,21,4,33,0.589539018354172,False,False,False,False,False,False,False,False,False,False,True,False,False,False,False,True,False,0,0.029488846347203102,0
82.28,372,6,5,25,0.6637714575311244,False,False,False,True,False,False,False,False,False,False,False,False,False,False,True,False,False,0,0.005403969214890096,0
10.98,1530,22,0,33,0.9815638895318971,False,False,False,False,False,False,False,False,False,False,True,False,False,False,False,True,False,0,0.1647357930845882,0
34.64,595,8,6,41,0.5298469716304857,False,False,False,False,False,False,False,False,True,False,False,False,False,True,True,False,False,0,0.006900346505136884,0
96.23,8007,8,3,79,0.33540768695424333,False,False,False,False,False,False,False,False,True,False,False,False,False,False,True,False,False,0,0.015039427010397677,0
77.31,741,20,0,34,1.0787993400744091,False,False,False,False,False,True,False,False,False,False,False,False,False,True,False,True,False,0,0.019434114618339132,0
100.66,6120,17,4,43,0.7004982746474103,False,False,False,False,False,False,False,False,False,True,False,False,False,False,False,False,True,0,0.020390634652523484,0
40.47,217,9,6,30,0.7513998459542071,False,True,False,False,False,False,False,False,False,False,False,False,False,False,True,False,False,0,0.02759812940126419,0
44.71,84106,14,2,49,0.7484783958438594,False,False,False,False,False,True,False,False,False,False,False,False,False,False,False,False,True,0,0.013723581534815302,0
5.21,5901,14,6,48,1.106203857540285,False,False,False,False,False,False,False,False,True,False,False,False,False,True,False,False,True,0,0.050247407890357115,0
201.82,224256,10,1,34,1.3590882234888217,False,False,False,True,False,False,False,False,False,False,False,False,False,False,True,False,False,0,0.011722309046306079,0
81.61,104396,6,5,70,0.2905595346981439,False,True,False,False,False,False,False,False,False,False,False,False,False,True,True,False,False,0,0.01895728715488101,0
24.56,509,17,0,40,0.3621761164544078,False,False,False,False,True,False,False,False,False,False,False,False,False,False,False,False,True,0,0.0315472097232252,0
59.89,13973,21,0,39,0.7571056819394412,False,False,False,False,False,False,False,False,False,False,True,False,False,False,False,True,False,0,0.0164503709785737,0
7.68,9772,23,4,30,0.8623371167177092,False,False,False,False,False,False,False,False,True,False,False,False,False,True,False,True,False,0,0.4754366092131741,0
50.03,13422,4,1,59,0.29983804696702093,False,False,False,True,False,False,False,False,False,False,False,False,False,True,False,False,False,0,0.029369027954787203,0
6.62,3833,19,2,49,0.08546590648908461,False,False,False,False,False,False,False,False,False,False,False,True,False,True,False,True,False,0,0.0479448336133523,0
133.36,5662,15,0,31,0.46113050106233083,True,False,False,False,False,False,False,False,False,False,False,False,False,True,False,False,True,0,0.017629928804218584,0
73.48,95,22,0,26,0.6979125557833186,False,False,False,False,False,True,False,False,False,False,False,False,False,True,False,True,False,0,0.06352879376479782,0
18.04,641349,12,6,44,0.9742575904579847,False,False,False,False,False,False,False,False,False,True,False,False,False,False,False,False,True,0,0.05089318295150459,0
183.28,7987,21,1,56,0.9418022256275408,True,False,False,False,False,False,False,False,False,False,False,False,False,True,False,True,False,0,0.040033573179762943,0
24.76,1517,17,2,68,0.6188445969328615,False,False,False,False,True,False,False,False,False,False,False,False,False,True,False,False,True,0,0.02633998158934252,0
74.27,1140,14,2,34,0.7221885077637231,False,False,False,False,False,False,False,False,False,False,False,False,False,True,False,False,True,0,0.014698911212265102,0
93.59,260,12,0,64,1.3766449790011166,False,False,False,False,False,False,True,False,False,False,False,False,False,False,False,False,True,0,0.015560504898494993,0
7.52,1760,17,1,48,0.516667866873878,False,False,False,False,False,False,False,False,False,False,True,False,False,False,False,False,True,0,0.021667118807848537,0
36.6,276896,20,0,23,0.9645928798456872,False,False,False,False,False,False,True,False,False,False,False,False,False,True,False,True,False,0,0.012005678982139781,0
47.95,687276,3,2,47,1.0058641998227151,False,False,False,True,False,False,False,False,False,False,False,False,False,True,False,False,False,0,0.06651481230571019,0
89.13,823,10,1,38,0.9178109283289243,False,False,False,True,False,False,False,False,False,False,False,False,False,True,True,False,False,0,0.0077718183795541795,0
9.67,922,16,0,48,0.42973567659318945,False,False,False,False,False,False,False,False,False,False,False,True,False,False,False,False,True,0,0.024413829830401915,0
1.78,6703,16,4,22,0.9477515553397928,False,False,False,False,False,False,False,False,True,False,False,False,False,False,False,False,True,0,0.039751980876218375,0
47.68,337,2,2,34,1.0251442911146713,False,False,True,False,False,False,False,False,False,False,False,False,False,True,False,False,False,0,0.10466259403391887,0
25.87,1514,17,6,53,0.7433270033141561,False,False,False,False,False,True,False,False,False,False,False,False,False,True,False,False,True,0,0.014152243004735589,0
20.54,19408,18,0,27,0.7512047913012821,False,False,False,False,False,False,False,False,False,False,False,True,False,True,False,True,False,0,0.05134284248209229,0
27.14,722,19,1,30,0.9570900989907023,False,False,False,False,False,False,True,False,False,False,False,False,False,False,False,True,False,0,0.04051203497942556,0
94.86,3119,16,0,78,1.2822101083254647,False,False,False,False,False,False,True,False,False,False,False,False,False,False,False,False,True,0,0.02047118874550896,0
33.52,14871,16,2,46,0.370080385573189,False,False,False,False,False,False,True,False,False,False,False,False,False,False,False,False,True,0,0.019868629539093564,0
108.18,9034,3,6,51,0.8192472639643059,False,False,False,True,False,False,False,False,False,False,False,False,False,True,False,False,False,0,0.0872377862656367,0
35.5,34882,9,5,49,0.7943915086756651,False,False,False,False,False,False,False,False,True,False,False,False,False,False,True,False,False,0,0.01825404434009012,0
28.03,397,20,3,88,1.3413023506909207,False,False,False,False,False,False,False,False,False,True,False,False,False,True,False,True,False,0,0.06223426316159922,0
8.98,4729,13,2,38,0.4634934951010734,False,False,False,False,False,False,False,False,False,False,False,True,False,True,False,False,True,0,0.024497227125631058,0
6.58,6841,16,3,21,0.11941199018524087,False,False,False,False,False,False,False,False,True,False,False,False,False,False,False,False,True,0,0.036726256234927736,0
79.2,136895,5,1,81,0.44182047366435195,False,True,False,False,False,False,False,False,False,False,False,False,False,False,False,False,False,0,0.03952291844539133,0
3.69,69793,13,2,66,0.7445835470878988,False,False,False,False,False,True,False,False,False,False,False,False,False,True,False,False,True,0,0.023312414767024923,0
72.55,191096,22,1,56,0.9123331464865214,False,False,False,False,False,False,True,False,False,False,False,False,False,False,False,True,False,0,0.1104324668645448,0
49.4,18760,9,5,87,0.6932148696248529,False,False,False,False,False,False,False,False,False,False,True,False,False,True,True,False,False,0,0.010885129546780786,0
99.1,2016,5,1,66,0.6854239727146991,False,False,False,True,False,False,False,False,False,False,False,False,False,False,False,False,False,0,0.029951346046253036,0
56.13,15647,16,1,62,0.6843712692654483,False,False,False,False,False,False,True,False,False,False,False,False,False,False,False,False,True,0,0.019246326946124825,0
81.68,477,17,4,32,1.2157864266556142,False,False,False,False,False,True,False,False,False,False,False,False,False,True,False,False,True,0,0.02067105045104588,0
104.77,1274,9,3,71,0.6155030439892313,False,False,False,True,False,False,False,False,False,False,False,False,False,False,True,False,False,0,0.006431047553025527,0
153.43,4056,13,4,30,0.3673615861695424,False,False,False,False,False,False,False,False,False,False,False,False,False,False,False,False,True,0,0.028592623655733937,0
104.86,158701,22,4,42,1.0199714001289373,False,False,False,False,True,False,False,False,False,False,False,False,False,True,False,True,False,0,0.12254396683980595,0
20.06,134056,15,1,40,0.6474296009003604,False,False,False,False,False,True,False,False,False,False,False,False,False,True,False,False,True,0,0.020487757107457424,0
271.72,3279,1,0,42,0.44246899272603785,False,False,False,False,False,False,False,True,False,False,False,False,False,True,False,False,False,0,0.41379656869288123,0
59.11,528,1,0,47,0.9665214526005107,False,True,False,False,False,False,False,False,False,False,False,False,False,False,False,False,False,0,0.1210671662603516,0
5.12,2408,21,2,23,0.9774969110140407,False,False,False,False,False,False,True,False,False,False,False,False,False,False,False,True,False,0,0.0644779110561327,0
7.64,4677,13,0,65,1.0147902539781304,False,False,False,False,False,False,False,False,False,True,False,False,False,True,False,False,True,0,0.025762408769793077,0
57.17,5548,2,3,45,1.0530049492457234,False,False,True,False,False,False,False,False,False,False,False,False,False,True,False,False,False,0,0.13566593432176102,0
32.31,343,18,3,48,0.5161632934973195,False,False,False,False,False,True,False,False,False,False,False,False,False,False,False,True,False,0,0.025899810213289798,0
5.45,23,10,5,51,0.6888392386130464,False,False,False,False,False,False,False,False,False,False,True,False,False,False,True,False,False,0,0.020810113374077645,0
6.12,805,1,6,50,1.0618961012137746,False,False,False,False,False,False,False,False,False,False,True,False,False,True,False,False,False,0,0.07590819524851163,0
7.29,530,23,2,31,1.2802532669268964,False,False,False,False,False,False,False,False,False,False,True,False,False,False,False,True,False,0,0.1333306593420454,0
3.11,61,1,4,81,0.9989368502422972,False,False,False,False,False,False,False,False,True,False,False,False,False,False,False,False,False,0,0.11661502060493101,0
61.85,477,18,5,32,0.6415717949294519,True,False,False,False,False,False,False,False,False,False,False,False,False,True,False,True,False,0,0.03371272377476248,0
70.36,710,16,0,49,0.6267294830148021,False,False,False,False,True,False,False,False,False,False,False,False,False,True,False,False,True,0,0.020952563508138747,0
72.6,1504,23,3,27,0.7300833554690863,False,False,False,False,False,True,False,False,False,False,False,False,False,True,False,True,False,0,0.08994595015030936,0
57.7,12335,21,6,33,0.9406565813653792,False,False,False,False,False,False,False,False,False,False,False,False,False,False,False,True,False,0,0.06008085735731643,0
82.1,1312,1,4,65,0.41998265130836854,False,True,False,False,False,False,False,False,False,False,False,False,False,True,False,False,False,0,0.15613131078406192,0
90.54,1360,1,1,36,0.726808405128203,False,False,False,True,False,False,False,False,False,False,False,False,False,True,False,False,False,0,0.06287149972733318,0
10.87,14871,2,0,46,0.7969767249110866,False,False,False,False,False,False,False,False,True,False,False,False,False,False,False,False,False,0,0.4204581899881413,0
138.42,2799,1,5,59,0.9116786372055709,True,False,False,False,False,False,False,False,False,False,False,False,False,False,False,False,False,0,0.19694454478228987,0
3.5,804,15,0,55,0.6257792953629828,False,False,False,False,False,True,False,False,False,False,False,False,False,True,False,False,True,0,0.012291847335901085,0
10.15,1288,23,1,84,1.016649376566964,True,False,False,False,False,False,False,False,False,False,False,False,False,False,False,True,False,0,0.19914049007244328,0
4.63,2206,18,5,33,0.6293289600240883,True,False,False,False,False,False,False,False,False,False,False,False,False,False,False,True,False,0,0.06446177882030767,0
310.5,269,16,5,54,1.074159391554626,False,False,False,False,True,False,False,False,False,False,False,False,False,False,False,False,True,0,0.15953178105902585,0
44.1,1140,9,1,34,0.11600313354388894,False,False,True,False,False,False,False,False,False,False,False,False,False,True,True,False,False,0,0.006520678964553825,0
62.59,519,11,2,54,0.8725788074999292,False,True,False,False,False,False,False,False,False,False,False,False,False,True,True,False,False,0,0.008495699347685416,0
46.66,717255,6,4,53,1.029996014076262,False,True,False,False,False,False,False,False,False,False,False,False,False,False,True,False,False,0,0.034399951974457964,0
32.83,260,21,0,64,0.7518879966085327,False,False,False,False,False,False,False,False,False,False,False,False,False,False,False,True,False,0,0.04654963757561457,0
70.75,167,4,4,31,0.9400648939264805,False,True,False,False,False,False,False,False,False,False,False,False,False,False,False,False,False,0,0.04938773800055547,0
77.17,4471,9,5,46,0.5576480873857755,False,True,False,False,False,False,False,False,False,False,False,False,False,True,True,False,False,0,0.021704420617062018,0
3.28,7297,17,5,30,0.7578639796328869,False,False,False,False,False,False,False,False,False,False,False,False,False,True,False,False,True,0,0.028700652454908444,0
73.21,118,4,2,62,0.7917326625673538,False,True,False,False,False,False,False,False,False,False,False,False,False,False,False,False,False,0,0.03535140185764487,0
5.93,46,15,1,33,1.3464452468013608,False,False,False,False,False,False,False,False,False,False,True,False,False,False,False,False,True,0,0.01567862461685975,0
18.27,450,17,3,73,0.2548431382498002,False,False,False,False,False,True,False,False,False,False,False,False,False,True,False,False,True,0,0.013853964794103332,0
36.93,5760,4,4,42,0.6683259119097443,False,False,True,False,False,False,False,False,False,False,False,False,False,False,False,False,False,0,0.06818877928318642,0
6.08,2054,19,1,56,1.2384725691645304,True,False,False,False,False,False,False,False,False,False,False,False,False,False,False,True,False,0,0.05405293081597243,0
61.1,190,1,6,50,1.326045369445923,False,True,False,False,False,False,False,False,False,False,False,False,False,False,False,False,False,0,0.0850113629141436,0
32.92,248,14,2,52,0.7678568529771647,False,False,False,False,False,True,False,False,False,False,False,False,False,False,False,False,True,0,0.011005685087220662,0
55.12,337,4,6,66,0.9606621186686845,False,True,False,False,False,False,False,False,False,False,False,False,False,False,False,False,False,0,0.037439796845664015,0
1.58,757530,19,0,41,0.6037967208672207,False,False,False,False,False,False,False,False,True,False,False,False,False,True,False,True,False,0,0.04548150389658485,0
68.58,631,21,6,47,0.5682312794223925,False,False,False,False,False,False,False,False,False,False,False,False,False,True,False,True,False,0,0.042351740603067824,0
10.04,1078,22,0,68,0.6379195048938336,False,False,False,False,False,False,False,False,False,False,False,False,False,False,False,True,False,0,0.4470651817949374,0
158.13,2872,14,4,32,0.7182225376650345,True,False,False,False,False,False,False,False,False,False,False,False,False,False,False,False,True,0,0.06720618822147412,0
136.46,61,21,5,80,0.8203880905242321,False,False,False,False,False,True,False,False,False,False,False,False,False,False,False,True,False,0,0.027419766879465613,0
67.55,1412,8,1,49,0.5139713319806841,False,True,False,False,False,False,False,False,False,False,False,False,False,False,True,False,False,0,0.012975408509166052,0
87.18,233060,22,6,48,0.8357209416240586,False,False,False,False,False,False,False,False,False,False,False,True,False,True,False,True,False,0,0.10592319639503006,0
94.15,248858,22,5,49,0.8824140952755589,False,False,False,False,True,False,False,False,False,False,False,False,False,True,False,True,False,0,0.1054546209658435,0
12.47,836,15,0,39,0.2545644841705066,False,False,False,False,False,False,False,False,False,True,False,False,False,False,False,False,True,0,0.033532402490653014,0
27.4,3285,17,6,32,0.8562197371154189,False,False,False,False,False,False,False,False,False,False,True,False,False,False,False,False,True,0,0.019995188337593343,0
78.32,391389,11,6,26,1.130155546965987,False,False,False,False,False,False,False,True,False,False,False,False,False,False,True,False,False,0,0.015481498988120764,0
87.83,218,17,1,25,0.8690491730420156,False,False,False,False,False,False,False,True,False,False,False,False,False,True,False,False,True,0,0.008800320678558658,0
134.76,21134,15,1,36,1.299960974019221,False,False,False,False,False,False,False,False,False,True,False,False,False,False,False,False,True,0,0.03087346738287192,0
8.73,5354,3,2,55,0.5876879296608082,False,False,False,False,False,False,False,False,False,False,False,True,False,True,False,False,False,0,0.14279482461204915,0
51.55,165,13,1,75,1.0182917231172033,False,False,False,False,False,True,False,False,False,False,False,False,False,False,False,False,True,0,0.012259356030140544,0
82.82,241,21,6,46,0.6329731465433623,True,False,False,False,False,False,False,False,False,False,False,False,False,False,False,True,False,0,0.049957858022125136,0
34.4,27971,18,3,36,0.33014074629618284,False,False,False,False,False,False,False,False,False,False,False,False,False,False,False,True,False,0,0.058523670176161995,0
7.28,258,13,1,76,0.950543992804643,False,False,False,False,False,True,False,False,False,False,False,False,False,True,False,False,True,0,0.012427881950595432,0
44.38,1022298,22,5,43,0.818449661199145,False,False,False,False,True,False,False,False,False,False,False,False,False,True,False,True,False,0,0.11632553046561454,0
87.36,1725,3,3,45,0.6153499458365175,False,False,False,True,False,False,False,False,False,False,False,False,False,False,False,False,False,0,0.07648413047760841,0
55.31,3688,22,5,47,0.9710216466593318,True,False,False,False,False,False,False,False,False,False,False,False,False,True,False,True,False,0,0.21942920674983427,0
28.75,75830,6,0,45,0.947370538762954,False,False,True,False,False,False,False,False,False,False,False,False,False,True,True,False,False,0,0.0075607964646501845,0
19.79,2456,18,3,26,1.1468295099852477,False,False,False,False,False,True,False,False,False,False,False,False,False,False,False,True,False,0,0.10894138444647562,0
95.41,2661,6,4,71,0.6241552631212836,False,False,False,True,False,False,False,False,False,False,False,False,False,True,True,False,False,0,0.016913429508861585,0
59.72,12335,17,6,33,1.0543889633735704,False,False,False,False,True,False,False,False,False,False,False,False,False,False,False,False,True,0,0.04505927987459921,0
1.65,7646,21,1,31,1.0176440431039737,False,False,False,False,False,False,False,False,False,False,True,False,False,False,False,True,False,0,0.02698080690262394,0
259.29,1583,17,2,21,0.6279212107517876,False,False,False,False,False,False,False,True,False,False,False,False,False,False,False,False,True,0,0.13500802906571657,0
89.82,214703,6,4,25,0.42591688692630575,False,True,False,False,False,False,False,False,False,False,False,False,False,True,True,False,False,0,0.016739572367929122,0
91.48,341043,11,5,31,1.0838211306779382,False,False,False,True,False,False,False,False,False,False,False,False,False,True,True,False,False,0,0.011963343868612848,0
9.67,19408,18,3,27,0.7175384967400682,False,False,False,False,False,False,False,False,True,False,False,False,False,True,False,True,False,0,0.11857542389840599,0
76.72,1925,17,1,54,0.742844501523708,False,False,False,False,False,True,False,False,False,False,False,False,False,False,False,False,True,0,0.011388940462923648,0
80.27,680,14,4,53,0.43809900173591726,False,False,False,False,False,False,False,False,False,False,False,False,False,True,False,False,True,0,0.019577381922692108,0
7.51,217,18,6,30,0.524840254226944,False,False,False,False,False,False,False,False,False,False,False,True,False,False,False,True,False,0,0.046375428399431394,0
73.31,2607,22,5,24,0.7080838897510655,False,False,False,True,False,False,False,False,False,False,False,False,False,False,False,True,False,0,0.20201588868022546,0
25.19,478,13,2,60,0.6487224523546241,False,False,False,False,False,True,False,False,False,False,False,False,False,False,False,False,True,0,0.014229599397163995,0
163.92,1190,3,2,72,0.901697784189911,False,False,False,True,False,False,False,False,False,False,False,False,False,False,False,False,False,0,0.07487906834558061,0
13.9,680,14,6,53,0.9560583989024938,False,False,False,False,False,False,False,False,False,False,False,False,False,True,False,False,True,0,0.038989974528648094,0
62.03,2148,6,0,67,0.98381602382203,False,True,False,False,False,False,False,False,False,False,False,False,False,False,True,False,False,0,0.023286336677860803,0
2.57,6841,21,0,21,0.9989933785416173,False,False,False,False,False,False,False,True,False,False,False,False,False,False,False,True,False,0,0.03669082684972361,0
5.16,9772,20,1,30,0.74611328073759,False,False,False,False,False,False,False,False,False,False,True,False,False,True,False,True,False,0,0.038091436215882235,0
1.55,6120,21,0,43,0.18776755027693548,False,False,False,False,False,False,False,False,False,False,False,True,False,False,False,True,False,0,0.036244567932781975,0
2.35,343,13,0,48,0.8587726630779575,False,False,False,False,False,False,False,False,False,False,False,True,False,False,False,False,True,0,0.014342558420329835,0
39.73,504,15,5,39,1.0283542235324195,True,False,False,False,False,False,False,False,False,False,False,False,False,False,False,False,True,0,0.027003725604003978,0
64.8,4474,3,6,44,0.7220654555516373,False,False,True,False,False,False,False,False,False,False,False,False,False,True,False,False,False,0,0.1269356047062536,0
81.9,1178,21,6,69,1.1702568613163493,True,False,False,False,False,False,False,False,False,False,False,False,False,False,False,True,False,0,0.04031261769909884,0
3.07,28425,14,5,20,0.5689559335633995,False,False,False,False,False,False,False,False,False,False,False,True,False,False,False,False,True,0,0.017572632332316825,0
67.31,9521,19,0,43,0.6100107747941912,False,False,False,False,False,False,False,False,False,True,False,False,False,False,False,True,False,0,0.033855669023121135,0
1.33,14228,20,3,49,0.962083951597258,False,False,False,False,False,False,False,False,False,False,True,False,False,False,False,True,False,0,0.03450934278369843,0
128.34,71463,14,1,31,0.9789677331495592,False,False,False,False,False,False,True,False,False,False,False,False,False,True,False,False,True,0,0.00920293716886447,0
98.56,632,1,5,31,1.0106953943063206,False,False,False,True,False,False,False,False,False,False,False,False,False,True,False,False,False,0,0.051739073788421214,0
11.11,7155,8,1,43,0.8505719333066316,False,False,False,False,False,False,False,False,True,False,False,False,False,False,True,False,False,0,0.07538771777969248,0
85.06,2456,0,6,26,0.3593498290593834,False,False,False,True,False,False,False,False,False,False,False,False,False,False,False,False,False,0,0.07480298268914339,0
10.66,753116,19,1,49,0.9407569579620463,False,False,False,False,False,False,False,False,False,False,False,False,False,False,False,True,False,0,0.09032648378188537,0
97.23,2456,7,2,26,1.128386387112594,False,False,False,True,False,False,False,False,False,False,False,False,False,False,True,False,False,0,0.018465838506742896,0
83.38,1140,0,1,34,1.3620662272536506,False,False,False,False,False,False,False,False,False,False,True,False,False,True,False,False,False,0,0.055685199720106306,0
32.21,1847,0,0,31,0.8733251558205534,False,True,False,False,False,False,False,False,False,False,False,False,False,False,False,False,False,0,0.1295698612454899,0
8.95,4533,23,0,51,0.7252381479045288,False,False,False,False,False,False,False,False,False,False,False,False,True,True,False,True,False,0,0.4095402967418989,0
4.08,1791,1,3,54,0.3604159630940306,False,False,False,False,False,False,False,False,True,False,False,False,False,False,False,False,False,0,0.2011909574692548,0
6.04,151815,12,4,32,1.0079881316389687,True,False,False,False,False,False,False,False,False,False,False,False,False,True,False,False,True,0,0.01959438726987666,0
102.88,92337,23,4,53,0.97398024855178,False,False,False,False,False,False,True,False,False,False,False,False,False,True,False,True,False,0,0.10373934003648219,0
48.36,1760,2,6,48,0.6068387634569858,False,True,False,False,False,False,False,False,False,False,False,False,False,False,False,False,False,0,0.14719961809583146,0
252.56,331,14,6,70,0.670091045766923,False,False,False,False,False,True,False,False,False,False,False,False,False,False,False,False,True,0,0.2120154066974034,0
21.63,6951,18,4,35,0.9491284417364229,False,False,False,False,False,False,False,False,False,True,False,False,False,False,False,True,False,0,0.25205885581953374,0
65.72,6006,4,0,35,1.1123581419583384,False,False,False,True,False,False,False,False,False,False,False,False,False,True,False,False,False,0,0.019149537949059648,0
7.32,1271,16,1,61,0.7554117748102677,False,False,False,False,False,False,False,False,False,True,False,False,False,False,False,False,True,0,0.029718287261836847,0
1.47,153,3,2,58,0.49059900573279025,False,False,False,False,False,False,False,False,False,False,True,False,False,True,False,False,False,0,0.06983237908435264,0
9.42,276896,16,6,23,0.4226929884455121,False,False,False,False,False,False,False,False,False,False,False,True,False,True,False,False,True,0,0.020200800580240902,0
204.36,10076,11,0,42,0.9201320550165608,False,False,False,True,False,False,False,False,False,False,False,False,False,False,True,False,False,0,0.013266867181432213,0
47.46,5726,5,0,73,0.667658298015534,False,True,False,False,False,False,False,False,False,False,False,False,False,False,False,False,False,0,0.0463642449752246,0
8.5,2607,18,1,24,0.47283694869373427,False,False,False,False,False,False,False,False,False,False,False,False,False,False,False,True,False,0,0.1188959225952193,0
8.55,695,16,4,66,0.4151001006648798,False,False,False,False,True,False,False,False,False,False,False,False,False,True,False,False,True,0,0.03979021877421494,0
10.71,516,17,0,54,0.36983472912235643,False,False,False,False,True,False,False,False,False,False,False,False,False,False,False,False,True,0,0.030413376144028562,0
10.12,53,16,3,47,0.9129074622150948,False,False,False,False,True,False,False,False,False,False,False,False,False,False,False,False,True,0,0.046895980441943506,0
3.76,139,17,1,66,0.9366865277161894,False,False,False,False,False,False,False,False,False,True,False,False,False,False,False,False,True,0,0.02445442638725364,0
25.76,6469,19,0,41,0.5187369574697757,False,False,False,False,False,False,False,False,False,False,True,False,False,False,False,True,False,0,0.020834735440621907,0
227.19,8830,10,1,29,0.6294478746647781,False,False,False,True,False,False,False,False,False,False,False,False,False,False,True,False,False,0,0.019412430672870715,0
6.4,139650,12,4,63,0.9762344342303231,False,False,False,False,True,False,False,False,False,False,False,False,False,True,False,False,True,0,0.04621251939264593,0
47.36,320420,21,4,45,1.0095685712629916,False,False,False,False,False,False,False,False,False,False,False,True,False,False,False,True,False,0,0.043143777508545054,0
49.07,297,12,0,58,1.0873043414830972,True,False,False,False,False,False,False,False,False,False,False,False,False,False,False,False,True,0,0.019291143411448507,0
2.22,3688,14,5,47,0.9128437185027919,False,False,False,False,False,False,False,False,False,False,False,True,False,True,False,False,True,0,0.02479235037886678,0
14.59,13717,18,6,70,1.2850800753260487,False,False,False,False,False,False,True,False,False,False,False,False,False,False,False,True,False,0,0.15449432588400488,0
81.41,215,5,6,52,1.034506592182475,False,True,False,False,False,False,False,False,False,False,False,False,False,False,False,False,False,0,0.039464613705324884,0
31.25,467,5,5,36,0.6063863750613124,False,False,False,False,False,False,False,False,True,False,False,False,False,True,False,False,False,0,0.04077952974930926,0
13.42,1426,13,0,63,0.7319617387521004,True,False,False,False,False,False,False,False,False,False,False,False,False,True,False,False,True,0,0.029462802591587286,0
61.21,532,8,6,64,1.3258039527954337,False,False,False,False,False,False,False,False,False,False,True,False,False,True,True,False,False,0,0.004753124045729573,0
42.19,99,8,2,34,0.9197086905846925,False,False,False,False,False,False,False,False,True,False,False,False,False,True,True,False,False,0,0.007711009788905917,0
85.25,551,9,5,49,1.0960138165351685,False,False,True,False,False,False,False,False,False,False,False,False,False,False,True,False,False,0,0.012928553366213123,0
21.29,3800,18,2,52,0.5265506392741316,False,False,False,False,False,False,True,False,False,False,False,False,False,True,False,True,False,1,0.14035139836682786,0
41.49,710,5,1,50,0.585492797689264,False,False,False,False,False,False,False,False,True,False,False,False,False,True,False,False,False,0,0.028696511125593228,0
44.14,207410,1,0,35,0.7295007238961585,False,False,True,False,False,False,False,False,False,False,False,False,False,True,False,False,False,0,0.10594481382075843,0
133.22,1312922,17,6,38,0.9771044163859769,False,False,False,False,False,False,False,False,False,False,False,False,False,False,False,False,True,0,0.02928982926613933,0
6.14,427,4,3,69,0.5871423593652572,False,False,False,False,False,False,False,False,False,False,False,True,False,False,False,False,False,0,0.05846616126499166,0
112.56,602,1,6,66,1.066808580618837,False,False,False,False,False,False,False,False,False,False,True,False,False,False,False,False,False,0,0.03525357006372951,0
6.4,75830,23,6,45,1.0675883866945206,False,False,False,False,False,False,False,False,False,False,False,True,False,True,False,True,False,0,0.13438628831492527,0
10.14,502,9,0,60,0.8841794315912382,False,False,False,False,False,False,False,True,False,False,False,False,False,False,True,False,False,0,0.022442432626685462,0
57.57,3684,17,2,39,0.19909298993686367,True,False,False,False,False,False,False,False,False,False,False,False,False,False,False,False,True,0,0.02842516734827408,0
103.41,1504,10,3,26,0.1478300827977883,False,False,False,True,False,False,False,False,False,False,False,False,False,True,True,False,False,0,0.018942219186739915,0
111.44,198,4,4,61,0.8199104875631213,False,False,False,True,False,False,False,False,False,False,False,False,False,True,False,False,False,0,0.014287875978452179,0
69.67,26551,23,2,43,0.6506975410434619,True,False,False,False,False,False,False,False,False,False,False,False,False,False,False,True,False,0,0.2588264644538397,0
64.09,2836,16,5,35,0.6539500649392138,False,False,False,False,False,False,True,False,False,False,False,False,False,True,False,False,True,0,0.017755498239141902,0
129.75,513,18,6,44,0.5400660942930923,False,False,False,False,False,True,False,False,False,False,False,False,False,False,False,True,False,0,0.03413294800039096,0
215.79,4726,5,0,43,1.0479040786221867,False,False,False,True,False,False,False,False,False,False,False,False,False,False,False,False,False,0,0.023923877080020497,0
106.77,479994,17,1,49,1.3365324237686897,False,False,False,False,False,True,False,False,False,False,False,False,False,False,False,False,True,0,0.008650374456828007,0
39.38,263,16,2,64,0.9625548743588536,False,False,False,False,False,False,True,False,False,False,False,False,False,False,False,False,True,0,0.01581382110822807,0
3.54,5895,20,2,44,0.7895521749352585,False,False,False,False,False,True,False,False,False,False,False,False,False,False,False,True,False,0,0.0443204047246035,0
70.63,35439,23,1,35,1.007530396869496,False,False,False,False,False,False,True,False,False,False,False,False,False,True,False,True,False,0,0.1016307432150761,0
883.18,459921,7,3,60,0.4090086029229719,False,False,False,False,False,False,False,False,True,False,False,False,False,False,True,False,False,0,0.10177725657528605,0
4.62,69,15,0,29,0.8991449890451438,False,False,False,False,False,False,False,False,False,False,True,False,False,False,False,False,True,0,0.013002203836416532,0
626.2,413574,2,0,52,0.7988511314481622,False,False,False,False,False,False,False,False,False,False,True,False,False,False,False,False,False,0,0.3890165468808518,0
53.33,1789,5,6,38,0.8181482876410703,False,True,False,False,False,False,False,False,False,False,False,False,False,False,False,False,False,0,0.07014050179211005,0
168.65,1689,15,2,22,0.7528480291546233,False,False,False,False,True,False,False,False,False,False,False,False,False,False,False,False,True,0,0.017777500549095642,0
65.91,4161,15,2,63,0.7850359165413986,False,False,False,False,False,False,True,False,False,False,False,False,False,False,False,False,True,0,0.019116686247829053,0
51.63,95035,4,2,33,0.1811625332153522,False,False,True,False,False,False,False,False,False,False,False,False,False,True,False,False,False,0,0.041440434049973024,0
95.58,123,5,5,47,0.735829949948358,False,False,False,True,False,False,False,False,False,False,False,False,False,True,False,False,False,0,0.013948637446711059,0
56.04,606,11,3,23,0.9204234272795334,False,True,False,False,False,False,False,False,False,False,False,False,False,False,True,False,False,0,0.016643723868248,0
85.89,4138,7,4,51,0.8829927914139465,False,False,False,False,False,False,False,False,False,False,False,False,False,True,True,False,False,0,0.022515707887596898,0
71.24,1302,19,6,44,0.9645891343831315,False,False,False,False,False,True,False,False,False,False,False,False,False,True,False,True,False,0,0.021267306556659607,0
1.69,1312922,19,0,38,0.4919222816065629,False,False,False,False,False,False,False,False,False,False,True,False,False,False,False,True,False,0,0.01395833946921188,0
13.29,450,15,2,74,1.1343708434343676,False,False,False,False,False,True,False,False,False,False,False,False,False,True,False,False,True,0,0.01986115735501509,0
87.36,477,19,6,32,0.7536412113180936,False,False,False,False,False,True,False,False,False,False,False,False,False,True,False,True,False,0,0.018882357792676323,0
15.28,391389,12,0,26,0.26987557972517534,False,False,False,False,False,True,False,False,False,False,False,False,False,False,False,False,True,0,0.019660066320369814,0
33.31,151785,14,2,46,0.7990745121107234,False,False,False,False,False,False,False,False,False,False,False,False,False,False,False,False,True,0,0.026189889401271368,0
79.45,863,23,1,48,0.9019711337742496,False,False,False,False,False,False,False,False,False,False,False,False,False,False,False,True,False,0,0.363374026251611,0
176.45,378909,9,6,43,1.129938804247816,False,False,False,True,False,False,False,False,False,False,False,False,False,False,True,False,False,0,0.01871740736966217,0
3.45,276002,22,5,41,0.5551261963139575,False,False,False,False,False,False,False,False,True,False,False,False,False,True,False,True,False,0,0.1568945010468812,0
30.88,15647,18,6,72,0.6997936753200883,False,False,False,False,False,False,True,False,False,False,False,False,False,True,False,True,False,0,0.027794270490729217,0
74.06,8512,19,1,69,0.8245513904724181,False,False,False,False,False,True,False,False,False,False,False,False,False,True,False,True,False,0,0.01692098128912501,0
2.67,525713,21,1,28,0.8717572341942448,False,False,False,False,False,False,False,False,False,False,False,True,False,False,False,True,False,0,0.03440495077536448,0
83.1,477,17,1,32,0.9115990602062954,False,False,False,False,False,True,False,False,False,False,False,False,False,True,False,False,True,0,0.007074292299810406,0
61.78,533,5,0,30,0.7510897140082535,False,False,False,True,False,False,False,False,False,False,False,False,False,False,False,False,False,0,0.019359276380516748,0
95.28,213,7,6,48,0.9284760624851836,False,False,True,False,False,False,False,False,False,False,False,False,False,False,True,False,False,0,0.029729136137379365,0
21.69,105638,14,2,34,0.5101428388049768,False,False,False,False,False,True,False,False,False,False,False,False,False,False,False,False,True,0,0.03121671870565672,0
159.41,1725,22,1,53,1.181883241838208,False,False,False,False,False,False,False,False,False,False,False,False,False,False,False,True,False,0,0.33453906599469474,0
14.78,35439,16,4,35,0.505472950132841,True,False,False,False,False,False,False,False,False,False,False,False,False,True,False,False,True,0,0.040309814229241014,0
1.54,27829,7,4,66,0.48752577886814835,False,False,False,False,False,False,False,False,False,False,False,True,False,False,True,False,False,0,0.030370534493506,0
8.09,166081,21,2,21,0.7829618443276828,False,False,False,False,True,False,False,False,False,False,False,False,False,False,False,True,False,0,0.07088663879649688,0
3.16,626,7,3,59,0.9223942046305386,False,False,False,False,False,False,False,True,False,False,False,False,False,True,True,False,False,0,0.0160125320290928,0
68.75,4474,11,2,44,0.9916109824775027,False,False,False,True,False,False,False,False,False,False,False,False,False,True,True,False,False,0,0.01857358077784406,0
76.44,69793,21,1,66,0.6986131784342422,False,False,False,False,False,False,True,False,False,False,False,False,False,True,False,True,False,0,0.015764552420605354,0
92.38,1078,8,2,31,1.009258226216163,False,False,False,True,False,False,False,False,False,False,False,False,False,True,True,False,False,0,0.017189382869315394,0
73.92,717255,10,3,53,0.8982230305737073,False,False,False,True,False,False,False,False,False,False,False,False,False,False,True,False,False,0,0.016361677955848232,0
6.24,6581,9,5,56,0.7547777829268673,False,False,False,False,False,False,False,False,True,False,False,False,False,False,True,False,False,0,0.035898472682896886,0
80.4,213,0,1,48,0.41457344573067284,False,False,False,True,False,False,False,False,False,False,False,False,False,False,False,False,False,0,0.04845131850175318,0
2.18,1228,13,0,29,0.2784916005645367,True,False,False,False,False,False,False,False,False,False,False,False,False,False,False,False,True,0,0.018670351171469316,0
7.99,1583,14,0,20,1.0627120890589334,True,False,False,False,False,False,False,False,False,False,False,False,False,False,False,False,True,0,0.022116281632959246,0
38.03,6006,14,0,36,0.701681405428412,False,False,False,False,False,True,False,False,False,False,False,False,False,True,False,False,True,0,0.0043842093463164885,0
18.11,673342,17,5,53,0.11303089604174102,False,False,False,False,True,False,False,False,False,False,False,False,False,True,False,False,True,0,0.06095881183322455,0
30.46,50489,12,1,36,0.4272955247612537,False,False,False,False,False,False,False,False,False,True,False,False,False,False,False,False,True,0,0.023618976471974033,0
5.76,2504700,13,0,20,1.105716198561822,False,False,False,False,False,False,False,False,False,False,True,False,False,False,False,False,True,0,0.011166792757689756,0
89.38,2856,14,0,93,1.0636109740995536,False,False,False,False,False,False,True,False,False,False,False,False,False,False,False,False,True,0,0.01138432647558033,0
27.91,602,21,0,65,0.26141373587667577,False,False,False,False,False,False,False,False,False,True,False,False,False,False,False,True,False,0,0.0558966179184583,0
77.27,123,22,0,47,0.4304398825445972,False,False,False,False,False,False,False,False,False,True,False,False,False,True,False,True,False,0,0.21058380143318012,0
13.0,69793,16,1,66,0.9369801888113795,False,False,False,False,False,True,False,False,False,False,False,False,False,True,False,False,True,0,0.0316218784380765,0
9.62,1075,14,3,23,0.9936710666679383,True,False,False,False,False,False,False,False,False,False,False,False,False,False,False,False,True,0,0.027887305860061194,0
1.94,1202,20,6,87,0.7259198331227734,False,False,False,False,False,True,False,False,False,False,False,False,False,True,False,True,False,0,0.03014843252537279,0
88.13,10717,7,2,67,0.9880232010656341,False,False,False,True,False,False,False,False,False,False,False,False,False,True,True,False,False,0,0.025936623067837724,0
73.23,42817,22,5,38,0.8899242222397324,False,False,False,False,False,False,True,False,False,False,False,False,False,False,False,True,False,0,0.25769939880755033,0
14.97,932,11,6,66,1.1662833958095236,False,False,False,False,False,False,False,False,True,False,False,False,False,False,True,False,False,0,0.03776673318485587,0
49.09,2456,1,1,26,1.1103928433099746,False,True,False,False,False,False,False,False,False,False,False,False,False,False,False,False,False,0,0.13838467902591922,0
6.54,6508,12,4,39,0.9682734571313014,False,False,False,False,False,False,False,False,False,False,False,True,False,False,False,False,True,0,0.024302370310377366,0
2.14,2607,18,1,24,0.8821863865193184,False,False,False,False,False,False,False,False,False,False,True,False,False,False,False,True,False,0,0.030736614313202557,0
22.65,43102,20,5,69,0.5053358847984183,False,False,False,False,False,False,False,False,False,True,False,False,False,True,False,True,False,0,0.12387907374419595,0
1.37,1766,10,6,58,1.2570101786715953,False,False,False,False,False,False,False,False,False,False,False,True,False,True,True,False,False,0,0.017268169385327735,0
39.29,307,18,1,90,0.43717222554160745,False,False,False,False,False,False,False,False,False,True,False,False,False,False,False,True,False,0,0.06066297862823208,0
84.31,3255,10,0,42,0.34934618704087805,False,True,False,False,False,False,False,False,False,False,False,False,False,False,True,False,False,0,0.02093955665998433,0
72.94,1261,9,0,48,0.2003005353562546,False,True,False,False,False,False,False,False,False,False,False,False,False,True,True,False,False,0,0.0070597694200552445,0
7.56,470,4,0,55,0.9724754374918688,False,False,False,False,False,False,False,False,True,False,False,False,False,True,False,False,False,0,0.08284749422068319,0
46.58,1925,14,5,68,1.0850408357015957,False,False,False,False,False,True,False,False,False,False,False,False,False,False,False,False,True,0,0.012921766585938459,0
194.81,6469,22,4,41,0.744461355250217,False,False,False,False,False,False,False,False,False,False,False,False,False,False,False,True,False,0,0.45515526467435646,0
103.13,3119,17,1,78,1.1201545327908933,False,False,False,False,False,True,False,False,False,False,False,False,False,False,False,False,True,0,0.010229912200306123,0
8.53,215,4,0,51,0.8691039351337666,False,False,False,False,False,False,False,False,False,False,False,True,False,False,False,False,False,0,0.07025552223718366,0
120.09,1791,11,5,55,0.5700501897499904,False,False,False,True,False,False,False,False,False,False,False,False,False,False,True,False,False,0,0.010873531675737846,0
171.81,2607,14,0,24,1.3747715495721515,False,False,False,False,True,False,False,False,False,False,False,False,False,False,False,False,True,0,0.014436671542022505,0
15.75,96942,14,0,55,0.6166645037530611,False,False,False,False,True,False,False,False,False,False,False,False,False,True,False,False,True,0,0.047605162690821545,0
3.95,54767,9,2,32,0.8473071045954922,False,False,False,False,False,False,False,True,False,False,False,False,False,True,True,False,False,0,0.01990820406206492,0
2083.02,3255,21,1,42,0.8083982113074003,False,False,False,False,False,False,False,False,False,False,False,True,False,False,False,True,False,0,0.3362094507720186,0
109.47,16305,8,1,93,1.0684471278083836,False,False,False,True,False,False,False,False,False,False,False,False,False,False,True,False,False,0,0.01579866604449409,0
32.09,1446,4,3,42,0.29887285827421584,False,False,False,False,False,False,False,False,True,False,False,False,False,True,False,False,False,0,0.052539244127658764,0
4.12,4074,16,0,44,0.4200175591627051,False,False,False,False,False,False,False,False,False,False,False,False,True,False,False,False,True,0,0.06137653584056122,0
5.06,2368,18,6,31,1.0497145962308103,False,False,False,False,False,False,False,False,False,False,False,False,False,False,False,True,False,0,0.09793415348692432,0
41.8,23,22,2,51,1.1941855586507557,False,False,False,False,False,False,True,False,False,False,False,False,False,False,False,True,False,0,0.20828847650199686,0
65.65,9594,19,4,22,0.10205954752496477,False,False,False,False,True,False,False,False,False,False,False,False,False,False,False,True,False,0,0.044422153783931245,0
44.06,116155,4,6,37,0.8350374409192649,False,False,False,False,False,False,False,True,False,False,False,False,False,False,False,False,False,0,0.05653909558263396,0
111.57,888,7,0,32,0.49956963608690397,False,False,False,True,False,False,False,False,False,False,False,False,False,False,True,False,False,0,0.008429750327831232,0
18.38,341,19,0,88,1.0611679496177828,False,False,False,False,True,False,False,False,False,False,False,False,False,False,False,True,False,0,0.10434145458106449,0
197.32,378909,0,1,43,0.6692584389792929,False,False,False,True,False,False,False,False,False,False,False,False,False,False,False,False,False,0,0.0673994745069073,0
147.2,214703,21,1,26,0.8474243678494268,False,False,False,False,False,False,True,False,False,False,False,False,False,True,False,True,False,0,0.015725493184072355,0
24.08,163415,23,1,15,0.727574462251803,False,False,False,False,False,False,True,False,False,False,False,False,False,False,False,True,False,0,0.24249752371860553,0
113.64,3402,4,1,92,0.8288023535928237,False,False,False,False,False,False,False,False,False,False,True,False,False,True,False,False,False,0,0.02254829110952669,0
59.35,84106,13,0,49,0.9309558953468141,False,False,False,False,False,False,False,False,False,False,True,False,False,False,False,False,True,0,0.01957830487890619,0
61.87,8007,10,1,80,0.8979813863310327,True,False,False,False,False,False,False,False,False,False,False,False,False,False,True,False,False,0,0.016237365893279055,0
9.21,4895,16,5,61,0.9783094656405923,False,False,False,False,False,False,False,False,False,True,False,False,False,False,False,False,True,0,0.052115214044318105,0
146.41,28278,15,3,43,0.576307546299721,False,False,False,False,False,False,True,False,False,False,False,False,False,True,False,False,True,0,0.017252929681280407,0
11.61,105549,20,5,46,0.5389745783337169,True,False,False,False,False,False,False,False,False,False,False,False,False,True,False,True,False,0,0.05933677964118159,0
73.14,105549,1,6,46,0.44020404245531,False,True,False,False,False,False,False,False,False,False,False,False,False,True,False,False,False,0,0.11863551178243462,0
4.09,2566,0,4,62,0.5223884672789001,False,False,False,False,False,False,False,False,False,False,False,True,False,False,False,False,False,0,0.10975325840599562,0
3.9,2135,13,6,16,0.9765002338822045,False,False,False,False,False,False,True,False,False,False,False,False,False,False,False,False,True,0,0.03291279133235985,0
67.58,18182,0,0,45,0.7663851115985987,False,False,False,True,False,False,False,False,False,False,False,False,False,True,False,False,False,0,0.0718108820065267,0
24.11,31515,5,1,48,0.6866347342000698,False,False,False,False,False,False,False,True,False,False,False,False,False,True,False,False,False,0,0.04189299301053288,0
8.19,139650,10,6,63,0.5808424691850625,False,False,False,False,False,False,False,False,False,False,True,False,False,True,True,False,False,0,0.027802206676697114,0
32.45,177,0,5,46,0.31477111590805174,False,False,False,False,False,False,False,False,True,False,False,False,False,True,False,False,False,0,0.07948262803047516,0
60.56,6951,9,0,35,0.2878668286291401,False,True,False,False,False,False,False,False,False,False,False,False,False,False,True,False,False,0,0.01707515451337113,0
143.78,2971,20,0,72,0.6273528590394669,False,False,False,False,False,True,False,False,False,False,False,False,False,True,False,True,False,0,0.026972250765210943,0
90.8,760,10,1,35,0.6353333651949936,False,False,False,True,False,False,False,False,False,False,False,False,False,False,True,False,False,0,0.005006320449386976,0
70.17,741,20,4,34,0.6527662705088239,False,False,False,False,False,False,False,False,False,False,False,False,False,True,False,True,False,0,0.04713481200072711,0
782.12,530,22,4,31,0.7896155715897494,False,False,False,False,False,False,False,True,False,False,False,False,False,False,False,True,False,0,0.930678563302312,1
9.83,888,12,0,32,0.99044533259943,False,False,False,False,False,False,False,False,False,False,False,False,True,False,False,False,True,0,0.05245483873780413,0
176.74,18128,23,4,29,0.7956523336187747,False,False,False,False,False,False,False,False,False,True,False,False,False,False,False,True,False,0,0.3128649833157949,0
26.86,237282,13,5,71,0.9377253801833522,False,False,False,False,False,False,False,False,False,True,False,False,False,True,False,False,True,0,0.013655445958150192,0
72.06,19090,3,1,91,0.7912300999178338,False,False,False,True,False,False,False,False,False,False,False,False,False,False,False,False,False,0,0.07987958711573719,0
1.9,38912,6,5,58,0.7215688874397237,False,False,False,False,False,False,False,False,False,False,False,False,False,True,True,False,False,0,0.043952513551223954,0
37.08,7987,23,5,56,0.7952089508003558,False,False,False,False,False,False,True,False,False,False,False,False,False,True,False,True,False,0,0.2011782288644253,0
1.66,20478,20,5,23,0.9749134613395245,False,False,False,False,False,False,False,False,False,False,False,True,False,True,False,True,False,0,0.04292560702766869,0
67.69,31394,8,0,24,0.9112587313189506,False,True,False,False,False,False,False,False,False,False,False,False,False,False,True,False,False,0,0.01006825542718805,0
218.97,85,18,6,35,0.8603497704038727,False,False,False,False,False,False,False,False,False,False,False,True,False,False,False,True,False,0,0.0826131053681156,0
77.87,123,21,3,47,1.1430151776004496,False,False,False,False,True,False,False,False,False,False,False,False,False,True,False,True,False,0,0.03577588998254098,0
20.35,3255,22,2,42,0.3028168413084023,False,False,False,False,False,True,False,False,False,False,False,False,False,False,False,True,False,0,0.22845326900033314,0
105.85,493806,5,1,40,0.5165148902026003,False,True,False,False,False,False,False,False,False,False,False,False,False,True,False,False,False,0,0.037335533994415776,0
105.9,99,1,0,34,0.9551594618669705,False,False,False,True,False,False,False,False,False,False,False,False,False,True,False,False,False,0,0.058866441272479836,0
22.89,17867,20,0,22,0.7562249111454861,False,False,False,False,False,False,False,False,False,False,False,False,False,True,False,True,False,0,0.0921641768058627,0
8.88,13983,21,4,40,0.494405356463698,False,False,False,False,False,False,False,False,False,False,False,False,True,False,False,True,False,0,0.16694890496412323,0
43.3,27020,2,3,34,0.8053923023129812,False,False,False,True,False,False,False,False,False,False,False,False,False,True,False,False,False,0,0.07405641343195794,0
3.58,973849,14,1,23,0.5732948942080361,False,False,False,False,False,False,False,False,False,False,False,True,False,False,False,False,True,0,0.01446859668867177,0
56.19,31394,23,6,23,0.31030234571624343,False,False,False,False,False,False,True,False,False,False,False,False,False,False,False,True,False,0,0.1798660775593131,0
33.32,302,13,4,30,0.5666999888344779,False,False,False,False,False,False,False,False,False,True,False,False,False,False,False,False,True,0,0.014777979938764924,0
47.91,1745,12,3,46,0.7727923523599305,False,False,False,False,False,False,False,False,False,True,False,False,False,False,False,False,True,0,0.02161676709767445,0
14.51,976,14,1,21,0.7752035308852923,False,False,False,False,False,True,False,False,False,False,False,False,False,False,False,False,True,0,0.015105942558808844,0
105.56,341,1,6,41,1.3540465876069399,False,False,False,True,False,False,False,False,False,False,False,False,False,True,False,False,False,0,0.037864911378315116,0
5.5,2317,19,4,56,0.6936034886799494,False,False,False,False,False,False,True,False,False,False,False,False,False,True,False,True,False,0,0.06613928994060157,0
12.05,7297,15,0,30,0.6809261807016985,False,False,False,False,False,False,True,False,False,False,False,False,False,True,False,False,True,0,0.03018497216363583,0
6.93,1126,11,0,65,0.7228622991759868,False,False,False,False,False,False,False,False,True,False,False,False,False,True,True,False,False,0,0.013326342483467602,0
59.54,2644,11,1,36,0.9459467568531515,False,False,True,False,False,False,False,False,False,False,False,False,False,False,True,False,False,0,0.008735695400743489,0
37.68,1565,20,5,52,0.5396703155167988,False,False,False,False,False,True,False,False,False,False,False,False,False,True,False,True,False,0,0.021828174128917868,0
483.38,1595797,18,0,44,1.299346246221153,False,False,False,False,False,False,False,False,False,False,False,True,False,True,False,True,False,0,0.26783803193274447,0
86.15,1970,8,1,34,0.8699077313014237,False,False,False,True,False,False,False,False,False,False,False,False,False,False,True,False,False,0,0.008902726602071245,0
30.68,1132,13,6,59,0.4678975201473136,False,False,False,False,False,True,False,False,False,False,False,False,False,True,False,False,True,0,0.009670906553514496,0
3.13,635,15,6,46,1.0107945146685313,False,False,False,False,False,False,False,False,False,False,False,True,False,False,False,False,True,0,0.032221252230333404,0
130.64,24536,15,0,36,0.5302359355796288,False,False,False,False,False,False,False,False,False,False,False,False,False,False,False,False,True,0,0.029304506362693095,0
41.02,1595797,17,6,25,0.639426925038356,False,False,False,False,False,True,False,False,False,False,False,False,False,True,False,False,True,0,0.009162019162645106,0
14.25,1312,23,1,65,1.2826599681108,False,False,False,False,False,False,True,False,False,False,False,False,False,True,False,True,False,0,0.2746237126243851,0
85.17,450,15,0,74,1.1706666062910507,False,False,False,False,False,False,True,False,False,False,False,False,False,True,False,False,True,0,0.012851037213759608,0
28.82,34882,14,6,49,1.0280944667539043,False,False,False,False,True,False,False,False,False,False,False,False,False,False,False,False,True,0,0.036068673293690914,0
118.16,1263321,5,6,77,0.5048286574452693,False,False,False,True,False,False,False,False,False,False,False,False,False,True,False,False,False,0,0.039550924095220215,0
9.1,608,17,2,27,0.9342001948758077,False,False,False,False,False,False,False,False,False,False,False,True,False,False,False,False,True,0,0.01961210324739875,0
8.25,1263321,7,5,68,1.103331462334872,False,False,False,False,False,False,False,False,False,False,False,True,False,True,True,False,False,0,0.022606665840496105,0
28.71,397,23,4,89,1.1818793725334293,False,False,False,False,False,False,False,False,False,True,False,False,False,True,False,True,False,0,0.28234215386538314,0
1.42,1892,5,2,64,0.11422508055589174,False,False,False,False,False,False,False,False,False,False,True,False,False,True,False,False,False,0,0.03968240288897692,0
60.27,3684,13,1,38,0.1214023744907785,False,False,False,False,True,False,False,False,False,False,False,False,False,False,False,False,True,0,0.01597943042158699,0
2.78,6006,20,1,35,0.36001511712704154,False,False,False,False,False,False,False,False,False,False,True,False,False,True,False,True,False,0,0.04187010206585509,0
33.05,10076,17,2,42,0.9101396545789102,False,False,False,False,False,False,True,False,False,False,False,False,False,False,False,False,True,0,0.02402046052322381,0
67.73,5657,7,5,33,0.5765025342528811,False,True,False,False,False,False,False,False,False,False,False,False,False,True,True,False,False,0,0.016582648854352455,0
1.24,1810,21,4,45,1.0551320680583087,False,False,False,False,False,False,False,False,False,True,False,False,False,False,False,True,False,0,0.11820601189768816,0
68.44,176,8,2,56,0.42458807415776134,False,True,False,False,False,False,False,False,False,False,False,False,False,True,True,False,False,0,0.007635325392544839,0
101.58,100,3,2,46,1.2245248957228292,False,False,False,True,False,False,False,False,False,False,False,False,False,False,False,False,False,0,0.04219034247097288,0
75.81,1480,14,6,46,0.9203676038301176,False,False,False,False,False,True,False,False,False,False,False,False,False,True,False,False,True,0,0.007541777849207419,0
63.33,923,14,2,56,0.9549124345299906,False,False,False,False,False,False,True,False,False,False,False,False,False,True,False,False,True,0,0.007539207485563858,0
17.03,103927,23,4,58,0.45784709527308237,False,False,False,False,False,True,False,False,False,False,False,False,False,False,False,True,False,0,0.17801128773246747,0
1.44,1583,16,6,20,0.5962456561736994,False,False,False,False,False,False,False,False,False,False,True,False,False,False,False,False,True,0,0.0197672745325107,0
27.36,1324,14,1,94,0.7298875758313798,False,False,False,False,False,False,False,False,False,False,False,False,False,False,False,False,True,0,0.02516976325051604,0
36.96,2872,19,3,32,0.8855993984550773,False,False,False,False,False,False,True,False,False,False,False,False,False,False,False,True,False,0,0.05174910992156319,0
68.89,1512,11,6,17,0.708256430292022,False,True,False,False,False,False,False,False,False,False,False,False,False,True,True,False,False,0,0.017173228753507744,0
1198.32,1897,2,2,67,1.1357507286548396,False,False,False,False,False,False,False,True,False,False,False,False,False,True,False,False,False,0,0.2687941496684985,0
2.91,888,20,6,32,0.6535105762480041,False,False,False,False,False,False,False,True,False,False,False,False,False,False,False,True,False,0,0.058805101876599306,0
3.12,24645,21,5,54,1.1489234889273576,False,False,False,False,False,False,False,False,False,False,False,False,True,False,False,True,False,0,0.09294161940141958,0
103.68,16183,12,1,43,0.3000948141537893,True,False,False,False,False,False,False,False,False,False,False,False,False,False,False,False,True,0,0.030817567777508062,0
75.65,631,9,0,47,1.1808717100396602,False,False,False,False,False,False,False,False,False,False,True,False,False,True,True,False,False,0,0.002813346940268071,0
66.43,6120,23,2,44,1.1194164348556785,False,False,False,False,False,False,False,False,False,False,False,False,False,False,False,True,False,0,0.3852256906432531,0
59.84,632,17,0,31,1.026742545382245,True,False,False,False,False,False,False,False,False,False,False,False,False,True,False,False,True,0,0.00956783022808682,0
1.0,69793,11,4,66,0.8775849506150398,False,False,False,False,False,False,False,False,False,False,True,False,False,True,True,False,False,0,0.02071169198795049,0
6.98,1241364,0,5,61,1.1377058607355386,False,False,False,False,False,False,False,False,False,False,False,False,False,True,False,False,False,0,0.2967958966730123,0
121.97,5507,12,2,46,0.2931577533905544,False,False,False,False,False,False,False,False,False,True,False,False,False,True,False,False,True,0,0.012504333156806064,0
3.29,540,16,0,37,0.7269442315260464,False,False,False,False,False,False,False,False,True,False,False,False,False,False,False,False,True,0,0.03350458821318184,0
58.18,139,5,1,66,0.9137160716776257,False,True,False,False,False,False,False,False,False,False,False,False,False,False,False,False,False,0,0.025032098721571496,0
49.64,1146,7,4,91,0.691258060146135,False,True,False,False,False,False,False,False,False,False,False,False,False,False,True,False,False,0,0.024567665362794453,0
52.08,2304,22,1,65,0.6520993280359917,False,False,False,False,False,False,False,False,False,True,False,False,False,True,False,True,False,0,0.35637636283029733,0
24.41,4090,3,0,43,1.2815980453219324,False,False,False,False,False,False,False,True,False,False,False,False,False,False,False,False,False,0,0.09757265652732122,0
8.72,7297,19,3,30,0.9574837586309312,False,False,False,False,False,False,False,False,False,False,False,False,False,True,False,True,False,0,0.12512239407908998,0
103.91,509,0,0,40,0.7647893202627758,False,False,False,True,False,False,False,False,False,False,False,False,False,False,False,False,False,0,0.054784017442813554,0
38.88,753116,12,6,49,0.8560025281066611,False,False,False,False,False,True,False,False,False,False,False,False,False,False,False,False,True,0,0.019685622745727938,0
60.34,2121,22,1,47,0.6392328269988888,True,False,False,False,False,False,False,False,False,False,False,False,False,False,False,True,False,0,0.28908062305535726,0
14.9,841711,20,1,57,0.4686171131745006,False,False,False,False,False,False,True,False,False,False,False,False,False,True,False,True,False,0,0.05767097420503549,0
101.95,3032,21,2,55,0.9758155031818223,False,False,False,False,True,False,False,False,False,False,False,False,False,True,False,True,False,0,0.0281831266616156,0
60.01,725,21,0,47,1.1422472400842199,False,False,False,False,False,False,True,False,False,False,False,False,False,False,False,True,False,0,0.06184198134867452,0
71.95,477,12,0,32,0.7765975550392901,False,False,False,False,False,False,False,False,False,False,False,False,False,True,False,False,True,0,0.013268496803596442,0
3.78,912,0,0,52,0.807911762353408,False,False,False,False,False,False,False,False,False,False,True,False,False,True,False,False,False,0,0.06726993112149475,0
4.38,11256,13,4,48,0.5528457510779965,False,False,False,False,False,False,False,False,False,False,False,False,True,False,False,False,True,0,0.11815130637026584,0
134.6,67082,12,6,50,1.226564644685303,False,False,False,False,False,False,True,False,False,False,False,False,False,False,False,False,True,0,0.017107773870442662,0
36.43,23727,16,2,38,0.1698577131189402,False,False,False,False,True,False,False,False,False,False,False,False,False,True,False,False,True,0,0.015094067152217049,0
42.46,9034,12,5,51,1.318008936000819,False,False,False,False,False,False,False,False,False,True,False,False,False,True,False,False,True,0,0.01631233577445593,0
202.52,1686,22,5,34,0.7899394368007016,False,False,False,False,False,True,False,False,False,False,False,False,False,False,False,True,False,0,0.3892203340957705,0
43.94,165,3,0,74,0.9720431511291054,False,True,False,False,False,False,False,False,False,False,False,False,False,False,False,False,False,0,0.08356073146120731,0
117.69,123,0,5,47,0.9101120148256411,False,False,False,True,False,False,False,False,False,False,False,False,False,True,False,False,False,0,0.05541535517668437,0
65.61,16183,3,0,43,1.172645438751633,False,False,True,False,False,False,False,False,False,False,False,False,False,False,False,False,False,0,0.0893183739515027,0
26.62,116001,17,1,27,0.9494756320754119,False,False,False,False,False,False,False,False,False,False,False,False,False,True,False,False,True,0,0.008742260924584641,0
61.92,2223,17,1,34,1.2412396610344814,True,False,False,False,False,False,False,False,False,False,False,False,False,True,False,False,True,0,0.016069991177093877,0
58.87,571,4,0,53,0.9465332108669005,False,True,False,False,False,False,False,False,False,False,False,False,False,True,False,False,False,0,0.04013458511892403,0
4.13,341,18,6,88,0.8052476103919853,False,False,False,False,False,False,False,False,False,False,False,False,True,False,False,True,False,0,0.0840570287537565,0
126.24,1202,0,0,87,0.8936870472665356,False,False,False,True,False,False,False,False,False,False,False,False,False,True,False,False,False,0,0.06086622828060929,0
6.96,4575,21,3,28,0.8839855218373235,False,False,False,False,False,False,False,False,False,False,True,False,False,False,False,True,False,0,0.04050682629041334,0
7.42,116001,18,1,27,0.7194133695873299,False,False,False,False,False,False,False,False,False,False,True,False,False,True,False,True,False,0,0.04656149461572876,0
70.52,1383,12,0,21,0.7496644634888397,False,False,False,False,False,False,False,False,False,True,False,False,False,False,False,False,True,0,0.012617905185635114,0
9.04,176,18,2,56,1.034324819604555,False,False,False,False,False,True,False,False,False,False,False,False,False,True,False,True,False,0,0.0416562649239198,0
274.86,118,13,0,63,0.6894560670209526,False,False,False,False,False,True,False,False,False,False,False,False,False,False,False,False,True,0,0.18011828666766194,0
141.07,2644,22,6,36,0.2230578363384628,True,False,False,False,False,False,False,False,False,False,False,False,False,False,False,True,False,0,0.5664027131418938,1
127.33,725,16,5,47,0.18496942059162014,False,False,False,False,False,True,False,False,False,False,False,False,False,False,False,False,True,0,0.022607749840255452,0
35.46,1453,3,4,46,0.8587333357061497,False,False,False,False,False,False,False,False,True,False,False,False,False,True,False,False,False,0,0.1223195509448531,0
142.91,1700,21,5,18,0.921605491010119,False,False,False,False,False,False,False,False,False,False,False,False,False,True,False,True,False,0,0.05892513664382811,0
11.54,275,16,1,55,0.7816106573403427,False,False,False,False,False,True,False,False,False,False,False,False,False,True,False,False,True,0,0.02024176590765153,0
21.77,46563,16,3,50,1.0025741604459977,False,False,False,False,False,False,True,False,False,False,False,False,False,False,False,False,True,0,0.09244195272671221,0
88.91,31394,19,0,23,0.8470467891923195,False,False,False,False,False,False,False,True,False,False,False,False,False,False,False,True,False,0,0.015296511815567182,0
13.14,1089,16,2,48,0.7527808121106712,False,False,False,False,False,True,False,False,False,False,False,False,False,False,False,False,True,0,0.025081281544221453,0
38.37,77,5,6,30,0.42569676893887803,False,True,False,False,False,False,False,False,False,False,False,False,False,False,False,False,False,0,0.0496867586954896,0
66.73,1847,8,0,31,0.44693875643202197,False,True,False,False,False,False,False,False,False,False,False,False,False,False,True,False,False,0,0.015552523125133772,0
29.14,1536,1,4,39,1.1996503306088822,False,False,False,False,False,False,False,False,True,False,False,False,False,True,False,False,False,0,0.13083423901008606,0
128.01,2870,20,3,21,0.8716507657726228,False,False,False,False,False,False,False,False,False,False,False,False,False,True,False,True,False,0,0.05682168198000858,0
69.23,84106,19,0,49,0.9663542751123929,True,False,False,False,False,False,False,False,False,False,False,False,False,False,False,True,False,0,0.022989493812807602,0
61.82,1925,11,4,54,0.9897496977241269,False,True,False,False,False,False,False,False,False,False,False,False,False,False,True,False,False,0,0.050700836653899725,0
29.88,190,17,6,50,0.48978930775793544,False,False,False,False,False,False,True,False,False,False,False,False,False,False,False,False,True,0,0.017843495576043863,0
249.3,186140,12,2,37,0.4462847104405506,False,False,False,False,False,False,False,False,False,False,False,False,False,False,False,False,True,0,0.1440815909905117,0
2.92,1512,15,2,17,0.946823213976615,True,False,False,False,False,False,False,False,False,False,False,False,False,True,False,False,True,0,0.01678986190280068,0
64.24,381459,16,0,46,0.7498866917995005,False,False,False,False,True,False,False,False,False,False,False,False,False,True,False,False,True,0,0.010118352389522682,0
158.88,3104,11,1,39,0.7136040723685666,False,False,False,False,False,False,False,True,False,False,False,False,False,False,True,False,False,0,0.012020345406118075,0
22.91,1666,13,6,52,0.3715631321121678,False,False,False,False,False,False,True,False,False,False,False,False,False,True,False,False,True,0,0.03890532391054463,0
36.08,4677,5,2,65,0.6840122472448968,True,False,False,False,False,False,False,False,False,False,False,False,False,True,False,False,False,0,0.04029080766083988,0
6.99,1131,7,6,61,0.887393663764286,False,False,False,False,False,False,False,False,False,False,True,False,False,False,True,False,False,0,0.029326806479497324,0
82.45,276002,3,4,41,0.9749918206390199,False,False,False,True,False,False,False,False,False,False,False,False,False,True,False,False,False,0,0.06624021930391671,0
23.09,22930,12,4,48,1.1773028127686578,False,False,False,False,False,True,False,False,False,False,False,False,False,True,False,False,True,0,0.020759321534384825,0
101.31,276,11,0,91,1.0100768309613837,False,False,False,True,False,False,False,False,False,False,False,False,False,False,True,False,False,0,0.007113874895301703,0
68.98,2457,16,6,39,0.9344079253008405,True,False,False,False,False,False,False,False,False,False,False,False,False,True,False,False,True,0,0.018177043821532218,0
4.64,4074,22,2,44,0.360347956841715,False,False,False,False,False,False,False,False,False,False,False,True,False,False,False,True,False,0,0.11948966478391922,0
51.07,5161,14,5,27,1.057345751369902,True,False,False,False,False,False,False,False,False,False,False,False,False,False,False,False,True,0,0.013758837546288722,0
158.76,172817,18,1,37,0.3727897358096071,False,False,False,False,False,False,False,False,False,False,False,False,False,True,False,True,False,0,0.029079857886605484,0
81.92,4664,15,2,55,0.10665784195265732,False,False,False,False,False,False,True,False,False,False,False,False,False,True,False,False,True,0,0.010848123990512952,0
100.47,2836,11,4,35,0.7202294670450496,False,False,False,True,False,False,False,False,False,False,False,False,False,True,True,False,False,0,0.028180362249352376,0
97.4,1946,9,4,30,0.9731758885833522,False,False,False,True,False,False,False,False,False,False,False,False,False,True,True,False,False,0,0.032921063790011286,0
27.77,5512,17,1,40,0.4722683645386318,False,False,False,False,False,False,True,False,False,False,False,False,False,True,False,False,True,0,0.009075190036018836,0
1.84,1263321,6,3,67,0.3365524713235649,False,False,False,False,False,False,False,False,False,False,False,False,False,True,True,False,False,0,0.05814722530385316,0
201.98,1312922,10,4,38,0.9857263400543832,False,False,False,True,False,False,False,False,False,False,False,False,False,False,True,False,False,0,0.01906113776130733,0
21.75,140,14,0,78,1.1034358671608515,False,False,False,False,True,False,False,False,False,False,False,False,False,True,False,False,True,0,0.05281178540679502,0
7.64,9993,6,5,58,0.816721470633653,False,False,False,False,False,False,False,False,False,False,False,True,False,False,True,False,False,0,0.04293799188602903,0
31.19,2383912,19,1,61,1.170084992564641,False,False,False,False,False,False,False,False,False,True,False,False,False,False,False,True,False,0,0.037350753498578804,0
9.8,1970,19,0,35,0.8668142047024943,False,False,False,False,True,False,False,False,False,False,False,False,False,False,False,True,False,0,0.11767434129666635,0
2.95,37,4,3,62,0.291244685342063,False,False,False,False,False,False,False,False,False,False,True,False,False,False,False,False,False,0,0.03999870831425822,0
128.07,776,10,1,70,1.0147473237338345,False,False,False,True,False,False,False,False,False,False,False,False,False,True,True,False,False,0,0.0044194304300791565,0
1692.1,1368,19,5,49,0.6521815182270997,False,False,False,False,False,False,False,False,False,False,True,False,False,False,False,True,False,0,0.2999367892164761,0
16.79,21134,23,6,36,0.931900552630484,False,False,False,False,False,False,True,False,False,False,False,False,False,False,False,True,False,0,0.6345248266953349,1
32.3,1312922,14,6,38,1.1495616126872026,False,False,False,False,False,False,True,False,False,False,False,False,False,False,False,False,True,0,0.014831517154404086,0
19.17,2470,14,1,52,0.7907171544800274,False,False,False,False,False,True,False,False,False,False,False,False,False,True,False,False,True,0,0.01125140070102017,0
5.42,888,12,0,32,1.0062873802975014,True,False,False,False,False,False,False,False,False,False,False,False,False,False,False,False,True,0,0.02113047430837032,0
19.83,46,23,4,33,0.8604559375877459,True,False,False,False,False,False,False,False,False,False,False,False,False,False,False,True,False,0,0.349241004405467,0
57.45,516,11,0,54,1.045297626543279,False,True,False,False,False,False,False,False,False,False,False,False,False,False,True,False,False,0,0.008704944521983709,0
9.57,307,1,2,90,0.5964954174719241,False,False,False,False,False,False,False,False,False,False,True,False,False,False,False,False,False,0,0.10028139306740043,0
66.51,1645,15,5,44,1.0935381275008265,False,False,False,False,False,False,False,False,False,True,False,False,False,True,False,False,True,0,0.0181260314911341,0
48.17,489,18,6,64,0.5041586012556006,False,False,False,False,False,False,False,False,False,True,False,False,False,False,False,True,False,0,0.07694327687253663,0
57.27,1089,14,1,49,0.3395327474191506,False,False,False,False,False,True,False,False,False,False,False,False,False,False,False,False,True,0,0.01039944623911993,0
519.23,4726,22,0,43,0.911605199415843,False,False,False,False,False,False,False,False,False,False,True,False,False,False,False,True,False,0,0.48166238817353435,0
423.59,1446,16,3,42,0.7574459541940967,False,False,False,False,False,False,False,False,False,False,False,False,True,True,False,False,True,0,0.04130203113309759,0
97.94,2223,3,1,34,0.8370332073938268,False,False,False,False,False,False,False,True,False,False,False,False,False,True,False,False,False,0,0.09666656922447735,0
2.64,206,3,6,52,0.733826165144039,False,False,False,False,False,False,False,False,True,False,False,False,False,True,False,False,False,0,0.12620477283166243,0
24.07,214518,5,1,60,0.6709389279688576,True,False,False,False,False,False,False,False,False,False,False,False,False,True,False,False,False,0,0.05031403440675625,0
31.61,1019,12,4,41,1.293630993408081,False,False,False,False,False,True,False,False,False,False,False,False,False,False,False,False,True,0,0.022397460744981952,0
132.94,277,3,5,48,1.010890629402116,False,False,False,False,False,False,False,True,False,False,False,False,False,True,False,False,False,0,0.05448709540394251,0
79.52,6629,1,2,58,0.21653034772983148,False,False,False,True,False,False,False,False,False,False,False,False,False,False,False,False,False,0,0.08419342864136531,0
1.44,11256,10,1,47,0.32755569073365093,False,False,False,False,False,False,False,False,True,False,False,False,False,False,True,False,False,0,0.04056063378939186,0
6.45,128,21,4,54,0.5470011583068152,False,False,False,False,False,False,True,False,False,False,False,False,False,True,False,True,False,0,0.05244565239343744,0
66.03,899,19,0,53,0.24201461283360431,False,False,False,False,False,False,True,False,False,False,False,False,False,True,False,True,False,0,0.02407509907028228,0
9.17,6713,3,2,74,1.0176806433184278,False,False,False,False,False,False,False,False,True,False,False,False,False,False,False,False,False,0,0.30361273157218915,0
41.91,1263321,3,4,67,0.3847920391393265,False,False,False,False,False,False,False,False,False,False,True,False,False,True,False,False,False,0,0.039523613968386995,0
74.64,320,20,5,59,0.7670975697745419,False,False,False,False,False,False,False,False,False,False,False,False,False,False,False,True,False,0,0.04992755608325187,0
93.81,565,7,6,42,0.7492239589768801,False,False,False,True,False,False,False,False,False,False,False,False,False,True,True,False,False,0,0.007021755938426843,0
73.76,8269,4,1,43,0.47976228932463344,False,True,False,False,False,False,False,False,False,False,False,False,False,True,False,False,False,0,0.052753658172182735,0
6.7,725,12,4,47,0.8251224298005594,False,False,False,False,False,False,False,False,False,False,False,True,False,False,False,False,True,0,0.025710171224567042,0
4.78,263,17,1,64,0.7554822833726832,False,False,False,False,False,False,True,False,False,False,False,False,False,False,False,False,True,0,0.02595755594950363,0
91.29,888,5,5,32,0.5989193939654974,False,False,False,True,False,False,False,False,False,False,False,False,False,False,False,False,False,0,0.02822539519862917,0
44.09,1019,19,1,41,0.6970088609551616,False,False,False,False,False,True,False,False,False,False,False,False,False,False,False,True,False,0,0.0395698290537401,0
20.84,1190,21,1,72,0.42616891992377587,False,False,False,False,False,True,False,False,False,False,False,False,False,False,False,True,False,0,0.05588618799877606,0
100.34,798,1,5,94,1.2614771994265341,False,False,False,False,False,False,False,False,False,False,True,False,False,True,False,False,False,0,0.025567074847164657,0
8.91,74,3,2,76,0.853517056626864,False,False,False,False,False,False,False,True,False,False,False,False,False,True,False,False,False,0,0.09023661146973194,0
57.71,1186,9,0,33,0.892583420237007,False,True,False,False,False,False,False,False,False,False,False,False,False,False,True,False,False,0,0.008542461307564956,0
63.33,1446,19,4,42,0.6671032575621326,True,False,False,False,False,False,False,False,False,False,False,False,False,True,False,True,False,0,0.04418449919230666,0
33.11,525713,18,1,28,0.8192184956316468,True,False,False,False,False,False,False,False,False,False,False,False,False,False,False,True,False,0,0.024140020589550646,0
8.99,172817,20,5,38,1.28174846106793,False,False,False,False,False,False,False,False,False,False,False,True,False,True,False,True,False,0,0.07573254364965103,0
498.54,1645,18,6,44,0.8829207971148954,False,False,False,False,False,False,False,False,False,False,False,False,True,True,False,True,False,0,0.1101063739340413,0
81.44,673342,12,0,53,0.9967247099821485,False,False,False,False,False,False,True,False,False,False,False,False,False,True,False,False,True,0,0.007195779547805737,0
201.75,18128,11,2,30,0.9261496324314956,False,False,False,True,False,False,False,False,False,False,False,False,False,False,True,False,False,0,0.01924786087523307,0
9.17,13835,11,2,53,0.690158670814185,False,False,False,False,False,False,False,False,False,False,False,True,False,True,True,False,False,0,0.02292685735472811,0
30.83,276,3,0,91,0.16542962104774497,False,False,False,False,False,False,False,True,False,False,False,False,False,False,False,False,False,0,0.03903766735289892,0
83.73,863,22,5,48,0.5391013410157769,False,False,False,False,False,False,False,False,False,True,False,False,False,False,False,True,False,0,0.42615426815606733,0
47.38,341,23,1,41,0.5558251842387126,False,False,False,False,False,False,True,False,False,False,False,False,False,True,False,True,False,0,0.171468401539751,0
2.71,4542,20,6,22,0.846977380043297,False,False,False,False,False,False,False,False,True,False,False,False,False,False,False,True,False,0,0.09295803267899877,0
14.27,1423,7,3,21,1.0015393229748935,False,False,True,False,False,False,False,False,False,False,False,False,False,False,True,False,False,0,0.0699835306269505,0
67.98,3487,10,0,60,0.8448852167649729,False,True,False,False,False,False,False,False,False,False,False,False,False,False,True,False,False,0,0.02188485072792359,0
98.52,2971,23,0,72,0.15400807763880303,False,False,False,False,False,False,False,False,False,True,False,False,False,True,False,True,False,0,0.24488680119997958,0
9.82,95015,11,4,74,1.1148161008184252,False,False,False,False,False,False,False,False,False,False,False,True,False,True,True,False,False,0,0.023568234672661552,0
9.26,4653,19,5,23,1.1318117057112487,False,False,False,False,True,False,False,False,False,False,False,False,False,True,False,True,False,0,0.11712163542139106,0
7.35,1490,5,6,29,0.32515763790506497,False,False,False,False,False,False,False,True,False,False,False,False,False,False,False,False,False,0,0.10065503845887892,0
127.77,673342,3,3,53,0.7853782388282726,False,False,False,False,False,False,False,False,False,False,False,False,False,True,False,False,False,0,0.10938111517899708,0
3.29,1241364,10,4,61,0.6838852447779539,False,False,False,False,False,False,False,False,False,False,True,False,False,True,True,False,False,0,0.02302057399915043,0
52.76,190,8,6,50,0.944325437379515,False,True,False,False,False,False,False,False,False,False,False,False,False,False,True,False,False,0,0.01538155572542864,0
285.24,626,1,4,60,0.5155383302190046,False,False,False,False,False,False,False,True,False,False,False,False,False,True,False,False,False,0,0.30429996650163804,0
6.46,1382480,1,4,29,1.1484840373727425,False,False,False,False,False,False,False,True,False,False,False,False,False,True,False,False,False,0,0.1675115058659382,0
100.81,1512,16,1,17,0.8317876266361502,False,False,False,False,False,False,False,False,False,False,True,False,False,True,False,False,True,0,0.01745531419736351,0
99.98,69,3,5,29,0.8765791005317122,False,False,False,True,False,False,False,False,False,False,False,False,False,False,False,False,False,0,0.04387672001774925,0
3.76,647,12,1,32,0.8992831740992441,False,False,False,False,False,False,False,False,False,False,False,True,False,False,False,False,True,0,0.018490658556651603,0
5.81,34882,22,1,49,0.9331580492976482,True,False,False,False,False,False,False,False,False,False,False,False,False,False,False,True,False,0,0.14524492250389795,0
58.59,241,12,4,46,0.41940010812110656,False,False,False,False,False,False,False,False,False,False,False,False,False,False,False,False,True,0,0.020685461104367888,0
86.5,176,2,6,56,0.31541267353262553,False,False,False,True,False,False,False,False,False,False,False,False,False,True,False,False,False,0,0.03348390153648817,0
38.5,6006,7,3,35,0.751187621568007,False,False,True,False,False,False,False,False,False,False,False,False,False,True,True,False,False,0,0.00868387690758715,0
548.74,885,16,5,32,0.5824736771975169,False,False,False,False,False,False,False,False,False,False,False,False,True,True,False,False,True,0,0.029815480682590868,0
8.28,571,3,6,89,1.2611253856476707,False,False,False,False,False,False,False,True,False,False,False,False,False,False,False,False,False,0,0.1171557862805495,0
30.43,47,5,4,69,0.17570454940609564,False,True,False,False,False,False,False,False,False,False,False,False,False,True,False,False,False,0,0.03663662121591716,0
1.92,6025,17,6,25,0.42009329577249754,True,False,False,False,False,False,False,False,False,False,False,False,False,True,False,False,True,0,0.022416433743909517,0
96.62,633,6,0,93,1.298957283097489,False,True,False,False,False,False,False,False,False,False,False,False,False,True,True,False,False,0,0.010285391954654426,0
52.97,1506,0,0,60,0.23598916417919588,False,True,False,False,False,False,False,False,False,False,False,False,False,True,False,False,False,0,0.1561162928717494,0
55.77,19408,21,1,27,0.49095019614213115,False,False,False,False,False,True,False,False,False,False,False,False,False,True,False,True,False,0,0.01691799487580111,0
1.77,2368,16,0,31,0.8230722192766646,False,False,False,False,False,False,False,False,True,False,False,False,False,False,False,False,True,0,0.03365399750191569,0
72.42,8019,0,6,92,0.5158015339740736,True,False,False,False,False,False,False,False,False,False,False,False,False,True,False,False,False,0,0.07690689334683999,0
57.06,680,8,6,53,0.8103982637845283,False,True,False,False,False,False,False,False,False,False,False,False,False,True,True,False,False,0,0.01036166205188362,0
207.17,20478,13,3,23,0.40798332431240664,False,False,False,False,False,False,False,False,False,False,False,True,False,True,False,False,True,0,0.011280943591371325,0
32.39,36438,16,3,35,0.007503525104901929,False,False,False,False,False,False,False,False,False,True,False,False,False,False,False,False,True,0,0.027386385408020998,0
28.05,520,14,0,28,0.6265052097476945,True,False,False,False,False,False,False,False,False,False,False,False,False,False,False,False,True,0,0.01677130674713572,0
34.23,2916,8,4,85,0.910180122897118,True,False,False,False,False,False,False,False,False,False,False,False,False,True,True,False,False,0,0.016557264882335974,0
54.98,158701,0,2,42,0.27644610986773377,False,False,False,True,False,False,False,False,False,False,False,False,False,True,False,False,False,0,0.055779745813759406,0
43.37,15269,20,0,27,0.8105468483104448,False,False,False,False,False,False,True,False,False,False,False,False,False,True,False,True,False,0,0.017530506707274032,0
1.31,6469,12,1,41,0.4650472675545989,False,False,False,False,False,False,False,False,False,False,True,False,False,False,False,False,True,0,0.016928713081750636,0
4.75,1019,23,0,41,0.9972331207681621,False,False,False,False,False,False,False,False,False,False,False,True,False,False,False,True,False,0,0.11645300124558938,0
844.38,6006,17,1,35,0.5849851488046547,False,False,False,False,False,False,False,False,True,False,False,False,False,True,False,False,True,0,0.16943471682517158,0
5.31,17867,21,0,21,0.3071504285590319,False,False,False,False,False,False,False,False,False,False,True,False,False,True,False,True,False,0,0.04122528258509208,0
108.48,1165,14,0,76,0.5863970009643632,False,False,False,False,False,False,False,False,False,True,False,False,False,True,False,False,True,0,0.013677144966920381,0
180.22,21134,10,1,36,0.9641254413264971,False,False,False,True,False,False,False,False,False,False,False,False,False,False,True,False,False,0,0.010980264932873518,0
28.36,1760,19,2,48,0.6214262742047546,False,False,False,False,False,False,False,False,False,True,False,False,False,False,False,True,False,0,0.07166084756805151,0
13.49,5666,22,0,16,0.8928048202434792,False,False,False,False,False,False,False,True,False,False,False,False,False,True,False,True,False,0,0.14770170306776748,0
2.22,493806,4,4,39,0.9628060351805015,False,False,False,False,False,False,False,True,False,False,False,False,False,True,False,False,False,0,0.06427940568635902,0
56.34,95,20,4,26,0.7634084723298465,True,False,False,False,False,False,False,False,False,False,False,False,False,True,False,True,False,0,0.031117148917451588,0
37.81,2304,16,4,65,0.7956079163865846,True,False,False,False,False,False,False,False,False,False,False,False,False,True,False,False,True,0,0.022752744495980474,0
74.72,3766,18,1,36,1.307302937893885,False,False,False,False,False,False,False,False,True,False,False,False,False,True,False,True,False,0,0.046815731917271806,0
252.1,4074,3,1,44,0.7478829610099385,False,False,False,False,False,False,False,False,True,False,False,False,False,False,False,False,False,0,0.3519976995232682,0
2.03,153,11,4,58,0.7752885219613382,False,False,False,False,False,False,False,False,False,False,False,True,False,True,True,False,False,0,0.016463018143457863,0
181.76,25459,5,6,51,0.4918590023980467,False,False,False,False,False,False,False,False,False,False,False,False,False,True,False,False,False,0,0.05134627871368544,0
212.73,2971,10,2,72,0.2406104840816288,False,False,False,False,False,False,False,True,False,False,False,False,False,True,True,False,False,0,0.015705108567658714,0
2.41,45100,1,1,26,0.8752726340026886,False,False,False,False,False,False,False,True,False,False,False,False,False,False,False,False,False,0,0.15851553770918997,0
6.11,276896,23,0,23,0.6066855026791015,False,False,False,False,False,False,False,True,False,False,False,False,False,True,False,True,False,0,0.05912279628978918,0
42.79,718,21,0,35,0.8142902609321921,False,False,False,False,False,True,False,False,False,False,False,False,False,False,False,True,False,0,0.03089212902537294,0
1.61,1022298,12,3,44,1.0076614511952875,False,False,False,False,False,False,False,False,False,False,True,False,False,True,False,False,True,0,0.01691016701593935,0
15.31,106,17,1,37,0.6614970264301943,False,False,False,False,True,False,False,False,False,False,False,False,False,False,False,False,True,0,0.0327490069238176,0
97.16,2135,21,6,16,1.0062193250579106,False,False,False,False,False,False,False,False,False,False,False,False,False,False,False,True,False,0,0.07012992944167461,0
78.86,5161,18,5,27,0.8590803006296959,True,False,False,False,False,False,False,False,False,False,False,False,False,False,False,True,False,0,0.05774215013013437,0
62.11,551,8,4,49,1.0993086452443641,False,False,True,False,False,False,False,False,False,False,False,False,False,False,True,False,False,0,0.0191718910083248,0
34.78,224256,8,4,35,0.3298745169211939,False,False,True,False,False,False,False,False,False,False,False,False,False,False,True,False,False,0,0.01577039989664613,0
285.87,1789,14,2,38,0.7231907520488597,False,False,False,False,False,False,False,False,True,False,False,False,False,False,False,False,True,0,0.12600635329128593,0
26.0,6713,9,0,75,0.8088062385083388,True,False,False,False,False,False,False,False,False,False,False,False,False,False,True,False,False,0,0.018671740894826695,0
107.37,60,8,4,78,0.6507670393251285,False,False,False,True,False,False,False,False,False,False,False,False,False,True,True,False,False,0,0.007400079121944438,0
10.96,350,22,0,65,0.7157360430305275,False,False,False,False,False,False,True,False,False,False,False,False,False,False,False,True,False,0,0.30186033322316447,0
34.07,186140,16,0,37,0.760913038659481,False,False,False,False,False,True,False,False,False,False,False,False,False,False,False,False,True,0,0.012343020911171872,0
8.11,3224,14,0,23,1.00302201914265,False,False,False,False,False,False,False,False,False,False,True,False,False,True,False,False,True,0,0.02211162393864614,0
1.61,9034,12,3,51,0.34807335376325627,False,False,False,False,False,False,False,False,False,True,False,False,False,True,False,False,True,0,0.032507332606988966,0
56.49,1022298,22,1,53,1.2105989078324084,False,False,False,False,False,False,True,False,False,False,False,False,False,False,False,True,False,0,0.10693775051441715,0
104.36,765,18,4,48,1.2652100338066437,False,False,False,False,False,False,True,False,False,False,False,False,False,False,False,True,False,0,0.05898738350171244,0
66.75,4726,2,3,43,0.5262191398590577,False,True,False,False,False,False,False,False,False,False,False,False,False,False,False,False,False,0,0.15973647013833767,0
46.03,1760,18,1,48,1.0368796229384574,False,False,False,False,False,True,False,False,False,False,False,False,False,False,False,True,False,0,0.030166596532766002,0
48.67,2566,16,6,62,1.33810671677935,False,False,False,False,True,False,False,False,False,False,False,False,False,False,False,False,True,0,0.03654806907714376,0
390.02,298,0,0,57,0.8275720659483404,False,False,False,False,False,False,False,True,False,False,False,False,False,True,False,False,False,0,0.2767699578604613,0
5.21,3766,12,2,36,0.8661662642177769,False,False,False,False,False,False,False,False,False,False,True,False,False,True,False,False,True,0,0.020978168013263597,0
45.91,207410,12,6,36,1.317691957409233,False,False,False,False,False,True,False,False,False,False,False,False,False,True,False,False,True,0,0.0070562744596537,0
22.14,4589,8,0,64,1.079368108228148,True,False,False,False,False,False,False,False,False,False,False,False,False,True,True,False,False,0,0.022194888536185314,0
37.58,14871,3,6,46,0.7333209728331853,False,False,False,False,False,False,False,True,False,False,False,False,False,False,False,False,False,0,0.11555990596944217,0
105.91,343,4,0,48,0.8062166381624809,False,False,False,True,False,False,False,False,False,False,False,False,False,False,False,False,False,0,0.019842303872153185,0
50.26,1583,22,1,21,0.5407519668480217,False,False,False,True,False,False,False,False,False,False,False,False,False,False,False,True,False,0,0.16710757342566393,0
5.92,8512,2,6,68,0.5315452468567536,False,False,False,False,False,False,False,False,False,False,False,True,False,True,False,False,False,0,0.10805950973684242,0
54.99,35371,5,0,31,0.6254025276651738,False,True,False,False,False,False,False,False,False,False,False,False,False,False,False,False,False,0,0.04168060613470223,0
31.95,3343,23,0,30,0.6761439348437617,False,False,False,False,True,False,False,False,False,False,False,False,False,False,False,True,False,0,0.2944593230443311,0
67.2,601723,12,3,50,1.1577398413676545,False,False,False,False,False,False,False,False,False,True,False,False,False,True,False,False,True,0,0.016080338645237304,0
95.41,3224,2,5,23,0.8563791853297275,False,True,False,False,False,False,False,False,False,False,False,False,False,True,False,False,False,0,0.14538390642206628,0
20.22,5989,22,1,53,0.5688256224301091,False,False,False,False,False,True,False,False,False,False,False,False,False,False,False,True,False,0,0.1976132068226018,0
80.17,276,1,1,91,0.8807753752506942,False,True,False,False,False,False,False,False,False,False,False,False,False,False,False,False,False,0,0.08181611755490259,0
31.24,899,22,1,52,1.001585287572654,False,False,False,False,False,False,False,False,False,False,False,False,False,True,False,True,False,0,0.291410773640112,0
94.18,313,20,1,44,0.8688898924259577,False,False,False,False,False,False,True,False,False,False,False,False,False,False,False,True,False,0,0.03232057128354961,0
4.49,1686,20,5,34,0.3396239282971689,False,False,False,False,True,False,False,False,False,False,False,False,False,False,False,True,False,0,0.0870115025279472,0
33.09,471,23,6,53,0.8253988368928057,False,False,False,False,False,False,False,False,False,True,False,False,False,True,False,True,False,0,0.3436166962262049,0
82.22,516,8,5,54,0.34787101119956376,False,False,True,False,False,False,False,False,False,False,False,False,False,False,True,False,False,0,0.01745443684782494,0
60.76,321,18,4,41,0.7087161733529249,True,False,False,False,False,False,False,False,False,False,False,False,False,False,False,True,False,0,0.05604917967036465,0
2.44,178,17,4,37,1.208517158999811,False,False,False,False,False,False,False,False,False,False,True,False,False,False,False,False,True,0,0.024480970483326543,0
51.33,626,18,2,59,1.0090182831529884,False,False,False,False,False,False,True,False,False,False,False,False,False,True,False,True,False,0,0.028246305216353226,0
11.13,530,20,1,31,0.8088190690976396,False,False,False,False,False,False,False,False,False,True,False,False,False,False,False,True,False,0,0.1134347127926124,0
97.4,4729,22,2,38,0.8959995947638617,True,False,False,False,False,False,False,False,False,False,False,False,False,True,False,True,False,0,0.2928609353597162,0
65.57,754,11,6,58,1.1915399221817924,False,True,False,False,False,False,False,False,False,False,False,False,False,False,True,False,False,0,0.011893539710143603,0
75.16,8333,22,0,26,0.27813779157280616,False,False,False,False,False,False,False,False,True,False,False,False,False,False,False,True,False,0,0.22513376680708305,0
5.45,55581,18,4,48,1.0812697431316656,False,False,False,False,False,False,False,False,False,False,False,True,False,True,False,True,False,0,0.047572383769779285,0
76.38,116001,2,4,27,0.8002808692334248,False,True,False,False,False,False,False,False,False,False,False,False,False,True,False,False,False,0,0.14731896231338742,0
1.98,771,20,0,48,0.7125829124530009,False,False,False,False,False,False,False,False,False,False,True,False,False,False,False,True,False,0,0.02732107453258475,0
48.31,48194,19,6,30,0.6432203250807659,False,False,False,False,False,False,False,False,True,False,False,False,False,True,False,True,False,0,0.03153996760487542,0
33.25,68211,10,5,79,0.7994275225935119,False,False,False,False,False,False,False,False,False,False,False,False,False,True,True,False,False,0,0.014324232345252966,0
3.89,34153,13,5,25,0.8450798843476293,False,False,False,False,False,False,False,False,False,False,True,False,False,False,False,False,True,0,0.019100475368427093,0
9.65,1810,15,3,45,1.1297496546093766,False,False,False,False,False,False,False,False,True,False,False,False,False,False,False,False,True,0,0.06373859357296913,0
8.59,100,18,5,46,0.938592477532185,False,False,False,False,False,False,False,False,False,False,True,False,False,False,False,True,False,0,0.04060477854790876,0
95.1,16305,14,1,93,0.955491864892629,False,False,False,False,False,True,False,False,False,False,False,False,False,False,False,False,True,0,0.017640161627253036,0
12.88,937,14,1,62,0.38023893063441083,False,False,False,False,False,True,False,False,False,False,False,False,False,True,False,False,True,0,0.010436414585007795,0
80.22,21902,20,0,39,0.37959584181731915,False,False,False,False,True,False,False,False,False,False,False,False,False,False,False,True,False,0,0.03017409601852765,0
50.08,1565,21,4,52,0.5900675241444787,False,False,False,False,False,False,False,False,False,False,False,False,False,True,False,True,False,0,0.06485582762354095,0
2.69,42619,22,1,44,0.8851993395235914,False,False,False,False,False,False,False,False,False,False,False,True,False,True,False,True,False,0,0.10088238597369698,0
71.82,32891,21,6,33,0.5191172948785253,False,False,False,False,True,False,False,False,False,False,False,False,False,True,False,True,False,0,0.021125921914291183,0
4.63,1412,14,2,49,0.583107351560584,False,False,False,False,False,False,False,False,False,False,True,False,False,False,False,False,True,0,0.01840154443461313,0
146.77,54287,21,1,48,0.7838911450820175,False,False,False,False,False,True,False,False,False,False,False,False,False,False,False,True,False,0,0.02441258217711983,0
183.36,35371,10,1,32,0.2534399208846162,False,False,False,True,False,False,False,False,False,False,False,False,False,False,True,False,False,0,0.008261414199994613,0
78.09,1382480,12,4,30,0.3375323495637134,False,False,False,False,False,False,False,False,False,False,False,False,False,True,False,False,True,0,0.01288654231520241,0
567.83,42384,15,5,27,0.9064097214378276,False,False,False,False,False,False,False,False,True,False,False,False,False,False,False,False,True,0,0.1264481396513963,0
12.06,922,13,0,47,0.21255216509130373,False,False,False,False,False,True,False,False,False,False,False,False,False,False,False,False,True,0,0.02304235564162528,0
62.02,1656,7,0,51,0.36638314767057895,False,False,False,False,False,False,False,False,False,False,False,True,False,True,True,False,False,0,0.008807321547429862,0
27.6,37,22,3,62,0.38551282307336754,False,False,False,False,False,False,True,False,False,False,False,False,False,False,False,True,False,0,0.21273504067585716,0
34.03,1102,3,1,31,0.1588717719231332,False,False,False,False,False,False,False,False,True,False,False,False,False,True,False,False,False,0,0.08066643180395018,0
72.62,1841,13,5,45,0.22941808630751023,False,False,False,False,True,False,False,False,False,False,False,False,False,True,False,False,True,0,0.015269019288911088,0
41.11,116001,0,5,27,0.5094673902861725,False,False,False,True,False,False,False,False,False,False,False,False,False,True,False,False,False,0,0.07256807618648327,0
8.08,19685,15,4,35,0.7964595981341427,False,False,False,False,False,False,True,False,False,False,False,False,False,False,False,False,True,0,0.08165369123173587,0
8.79,1979,10,4,50,0.7061400723737424,False,False,False,False,False,False,False,False,False,False,False,True,False,True,True,False,False,0,0.04516971701837255,0
7.35,2870,21,6,21,1.0930900844765674,False,False,False,False,False,False,False,False,False,False,False,True,False,True,False,True,False,0,0.06992261024592097,0
110.74,1643,1,1,44,0.5113801503236146,False,False,False,True,False,False,False,False,False,False,False,False,False,False,False,False,False,0,0.06707517026426484,0
3.79,601723,21,0,34,0.7373768683773613,False,False,False,False,False,False,False,False,False,False,False,True,False,False,False,True,False,0,0.027129074394499055,0
81.13,1493,9,1,35,0.45842821759790997,False,False,False,True,False,False,False,False,False,False,False,False,False,False,True,False,False,0,0.007229398326988342,0
7.09,14871,20,1,46,0.8729882344281623,False,False,False,False,False,False,False,False,False,False,True,False,False,False,False,True,False,0,0.03558058332844955,0
28.13,2456,15,0,26,0.07239711420353745,False,False,False,False,False,False,True,False,False,False,False,False,False,False,False,False,True,0,0.011830316989552413,0
61.57,2408,12,0,23,1.0243288716032528,False,False,False,False,False,False,False,False,False,False,True,False,False,False,False,False,True,0,0.015314392212127255,0
22.7,590,23,0,67,0.9453329562651501,False,False,False,False,False,False,True,False,False,False,False,False,False,True,False,True,False,0,0.3318879258766448,0
53.07,76,23,3,65,0.9274214758954116,True,False,False,False,False,False,False,False,False,False,False,False,False,True,False,True,False,0,0.22721456417115113,0
245.25,2303,12,6,32,1.0084727688663782,False,False,False,False,False,False,False,False,True,False,False,False,False,False,False,False,True,0,0.09731054014608624,0
3.56,30770,13,0,27,1.0735862844066149,False,False,False,False,False,False,False,False,False,False,False,True,False,True,False,False,True,0,0.010162174183185047,0
72.62,817312,22,4,16,0.9705467272856982,False,False,False,False,False,False,False,False,False,False,False,False,False,True,False,True,False,0,0.1397913883382689,0
11.38,21134,17,0,36,1.355676238521947,False,False,False,False,False,False,False,False,False,False,False,True,False,False,False,False,True,0,0.03061042826551406,0
4.18,33917,21,1,43,1.0495923638822855,False,False,False,False,False,False,False,False,False,False,False,False,True,True,False,True,False,0,0.06484256798576325,0
1.29,459921,7,1,60,1.0029046694003254,False,False,False,False,False,False,False,False,False,False,True,False,False,False,True,False,False,0,0.020297892594403292,0
102.51,36784,11,2,79,0.7903128280130617,False,False,False,True,False,False,False,False,False,False,False,False,False,False,True,False,False,0,0.02536282978830475,0
5.42,1766,12,0,44,1.2429058419305181,False,False,False,False,False,False,True,False,False,False,False,False,False,False,False,False,True,0,0.025651666366976043,0
152.27,6951,8,1,35,0.9210200219609765,False,False,False,False,False,False,False,False,True,False,False,False,False,False,True,False,False,0,0.017165171852306177,0
98.64,2457,10,0,39,0.34877092711548086,False,False,False,False,False,False,False,False,False,False,True,False,False,True,True,False,False,0,0.012904821215671812,0
13.13,1063,16,0,92,0.25571742733924774,False,False,False,False,False,False,False,False,False,True,False,False,False,True,False,False,True,0,0.030395433386603152,0
39.83,516,21,0,54,1.2083590760767196,False,False,False,False,False,False,False,False,False,False,False,False,False,False,False,True,False,0,0.062287353626611995,0
22.13,6006,14,0,36,0.8694758782030609,False,False,False,False,False,False,False,False,True,False,False,False,False,True,False,False,True,0,0.036525575736069245,0
39.07,298,17,6,57,0.29418001781902015,False,False,False,False,True,False,False,False,False,False,False,False,False,True,False,False,True,0,0.02298080416424651,0
1925.43,2906700,20,1,35,0.5043842262164769,False,False,False,False,False,False,False,False,False,False,False,True,False,False,False,True,False,0,0.2068955632737097,0
36.52,1263321,10,1,45,0.7215200552860599,False,False,False,False,False,False,False,False,True,False,False,False,False,False,True,False,False,0,0.014752295181158072,0
8.46,79008,1,4,36,0.7608579908760866,False,False,False,False,False,False,False,True,False,False,False,False,False,True,False,False,False,0,0.24632865109721422,0
13.58,526,17,5,80,0.9946643521877134,False,False,False,False,False,True,False,False,False,False,False,False,False,False,False,False,True,0,0.026187525064254872,0
45.74,60,3,0,78,0.8164606822480882,False,True,False,False,False,False,False,False,False,False,False,False,False,True,False,False,False,0,0.08479247810260787,0
7.26,31394,13,0,23,1.0314740063656505,False,False,False,False,False,False,False,False,False,False,False,False,True,False,False,False,True,0,0.04632972324771635,0
146.92,70,3,6,64,0.2979235584055094,False,False,False,True,False,False,False,False,False,False,False,False,False,False,False,False,False,0,0.03543981100037107,0
112.7,741,10,0,34,0.6692079394537968,False,False,False,False,False,False,False,False,False,False,True,False,False,True,True,False,False,0,0.007334006787735753,0
58.66,6018,23,4,73,0.8118982057037752,False,False,False,False,False,False,False,False,False,True,False,False,False,True,False,True,False,0,0.2226123286138607,0
7.12,642,22,2,73,0.5475655584950542,False,False,False,False,False,False,True,False,False,False,False,False,False,False,False,True,False,0,0.23760722253380914,0
102.7,5451,7,1,59,1.3344383848439716,False,False,False,True,False,False,False,False,False,False,False,False,False,True,True,False,False,0,0.014614594775013555,0
49.64,149,2,4,42,1.031990466010228,False,True,False,False,False,False,False,False,False,False,False,False,False,False,False,False,False,0,0.12707500292393867,0
58.27,37,10,2,62,0.9752094860351754,False,True,False,False,False,False,False,False,False,False,False,False,False,False,True,False,False,0,0.011118205438686987,0
3.69,21902,23,0,40,0.5189148149841093,False,False,False,False,False,False,False,False,False,False,False,False,True,False,False,True,False,0,0.2370580957052249,0
9.58,1749,22,4,47,0.8602562815533574,False,False,False,False,False,True,False,False,False,False,False,False,False,False,False,True,False,0,0.2649590771761713,0
64.1,463,11,1,72,0.811327975558588,False,True,False,False,False,False,False,False,False,False,False,False,False,True,True,False,False,0,0.005126809934630406,0
97.47,1324,4,5,94,0.8228577114064167,False,True,False,False,False,False,False,False,False,False,False,False,False,False,False,False,False,0,0.045730910700098576,0
522.81,140,18,3,31,0.8270712759278922,False,False,False,False,False,False,False,False,False,False,False,False,True,True,False,True,False,0,0.09555577332587237,0
115.31,817312,12,6,16,0.5867906329969848,False,False,False,False,True,False,False,False,False,False,False,False,False,True,False,False,True,0,0.010496713468780105,0
1.53,3224,20,5,23,1.0868702728223867,False,False,False,False,False,True,False,False,False,False,False,False,False,True,False,True,False,0,0.03484266396935302,0
93.65,4726,22,1,43,0.7758540771027744,False,False,False,False,True,False,False,False,False,False,False,False,False,False,False,True,False,0,0.2669106621796376,0
19.69,54287,4,5,48,1.120437110410928,False,False,False,False,False,False,False,True,False,False,False,False,False,False,False,False,False,0,0.10752222836432437,0
12.97,376,18,6,82,0.5480517324578006,True,False,False,False,False,False,False,False,False,False,False,False,False,True,False,True,False,0,0.05788922164286919,0
93.07,277,2,5,35,0.6337202166003503,False,False,False,True,False,False,False,False,False,False,False,False,False,True,False,False,False,0,0.045146287256162175,0
6.81,22305,11,0,81,0.8576226234376064,False,False,False,False,False,False,False,False,False,False,False,False,False,False,True,False,False,0,0.03216594884218988,0
106.76,399,11,1,43,1.2540280421505696,False,False,False,True,False,False,False,False,False,False,False,False,False,False,True,False,False,0,0.004017600124814755,0
11.51,149,21,1,42,0.2881858620074972,False,False,False,False,False,True,False,False,False,False,False,False,False,False,False,True,False,0,0.058292724879032594,0
28.67,2799,13,4,59,1.0690188849257982,False,False,False,False,False,False,False,False,False,True,False,False,False,False,False,False,True,0,0.021291671753311016,0
19.23,2135,21,6,16,0.9108719765773844,False,False,False,False,False,False,True,False,False,False,False,False,False,False,False,True,False,0,0.18748751790332588,0
56.78,34496,10,0,49,0.47824952684242744,False,True,False,False,False,False,False,False,False,False,False,False,False,False,True,False,False,0,0.029559931597942,0
23.7,165,12,6,74,0.392381685353683,False,False,False,False,False,False,False,False,False,False,False,False,False,False,False,False,True,0,0.04706309366991697,0
1.58,427,9,4,69,0.9807934227211164,False,False,False,False,False,False,False,False,False,False,True,False,False,False,True,False,False,0,0.016170987340392785,0
5.44,1186,17,0,33,1.015287124040291,True,False,False,False,False,False,False,False,False,False,False,False,False,False,False,False,True,0,0.03125990384454817,0
112.94,9521,4,2,42,0.8602858865801615,False,False,False,False,False,False,False,True,False,False,False,False,False,False,False,False,False,0,0.06300875851156779,0
20.22,78968,15,1,52,0.45685374248221744,False,False,False,False,False,True,False,False,False,False,False,False,False,False,False,False,True,0,0.04540883030951172,0
111.45,198,11,1,61,1.1770765315381964,False,False,False,True,False,False,False,False,False,False,False,False,False,True,True,False,False,0,0.00743154839040608,0
84.96,680,3,6,53,0.6692249145033385,False,True,False,False,False,False,False,False,False,False,False,False,False,True,False,False,False,0,0.11072377935230984,0
54.12,2307,15,6,50,0.4659028116613994,False,False,False,False,False,True,False,False,False,False,False,False,False,False,False,False,True,0,0.02031622937760614,0
205.8,6951,2,4,35,0.7315379158519377,False,False,False,False,False,False,False,False,True,False,False,False,False,False,False,False,False,0,0.24502829386922598,0
11.27,71485,15,1,46,0.7638808586978807,False,False,False,False,False,False,True,False,False,False,False,False,False,False,False,False,True,0,0.06073677571990989,0
186.03,18182,23,3,45,0.8018562272932662,False,False,False,False,False,False,False,True,False,False,False,False,False,True,False,True,False,0,0.1922168822062496,0
104.52,686,11,2,40,0.4228524253791144,False,False,False,False,False,False,False,False,False,False,True,False,False,True,True,False,False,0,0.004812170088239755,0
126.76,118,4,0,63,1.0279594464301522,False,False,False,True,False,False,False,False,False,False,False,False,False,False,False,False,False,0,0.016850939623805936,0
104.58,177,6,0,46,0.8713182955045776,False,False,False,True,False,False,False,False,False,False,False,False,False,True,True,False,False,0,0.008500015176208266,0
137.39,241,4,6,39,0.5823180900916588,False,False,False,True,False,False,False,False,False,False,False,False,False,False,False,False,False,0,0.0190217114674788,0
50.01,255,23,6,48,0.7233399027635631,False,False,False,False,False,False,True,False,False,False,False,False,False,False,False,True,False,0,0.27886658613656135,0
39.48,551,14,0,49,0.7858710521313261,False,False,False,False,False,False,False,False,False,True,False,False,False,False,False,False,True,0,0.012343189284441244,0
134.43,1847,3,4,32,1.002688612713344,False,False,False,False,False,False,False,True,False,False,False,False,False,False,False,False,False,0,0.14512272637161078,0
573.72,229,13,0,37,0.5611756219099284,False,False,False,False,False,False,False,False,False,False,False,False,True,True,False,False,True,0,0.02458081098563989,0
89.34,18128,15,4,30,0.7475287447590132,False,False,False,False,False,True,False,False,False,False,False,False,False,False,False,False,True,0,0.020461519283824073,0
9.59,136,14,0,20,0.37832808506506627,False,False,False,False,False,False,False,False,False,True,False,False,False,False,False,False,True,0,0.02811822800052163,0
102.48,1680,0,2,43,0.9613381845843844,False,False,False,False,False,False,False,False,False,False,True,False,False,True,False,False,False,0,0.06779263342079105,0
53.63,3684,5,4,44,0.7155676921556771,False,False,False,True,False,False,False,False,False,False,False,False,False,True,False,False,False,0,0.0310928339541807,0
4.34,10295,20,1,22,0.48254190513364226,False,False,False,False,False,False,False,False,False,False,False,True,False,False,False,True,False,0,0.02884945035690711,0
171.56,2523,11,4,32,1.1412871397680704,False,False,False,True,False,False,False,False,False,False,False,False,False,False,True,False,False,0,0.024801162905848988,0
12.72,3684,12,1,44,0.1371601289187145,True,False,False,False,False,False,False,False,False,False,False,False,False,True,False,False,True,0,0.02508864485055979,0
22.33,104,22,6,93,1.0091477825769646,False,False,False,False,False,False,True,False,False,False,False,False,False,False,False,True,False,0,0.29816839743358015,0
57.04,95015,7,6,74,0.8885014456853726,False,True,False,False,False,False,False,False,False,False,False,False,False,True,True,False,False,0,0.020698277984909835,0
75.95,1780,12,0,37,1.033814106837383,False,False,False,False,False,False,False,False,False,False,False,False,False,True,False,False,True,0,0.010391012103883218,0
9.19,207,19,0,64,0.8809171837636096,False,False,False,False,False,True,False,False,False,False,False,False,False,True,False,True,False,0,0.03943146011376724,0
481.59,1140,12,6,34,0.40445200530099296,False,False,False,False,False,False,False,False,False,False,False,False,True,True,False,False,True,0,0.03899794879881546,0
13.11,13835,15,5,53,1.25583910219423,False,False,False,False,False,True,False,False,False,False,False,False,False,True,False,False,True,0,0.035409327244197104,0
50.75,589,9,1,74,0.9092026169259577,False,True,False,False,False,False,False,False,False,False,False,False,False,True,True,False,False,0,0.006474910417130208,0
57.75,370,1,6,58,0.8618575077180596,False,True,False,False,False,False,False,False,False,False,False,False,False,True,False,False,False,0,0.08551488247779124,0
9.0,116001,18,0,27,0.4569263196720019,False,False,False,False,False,False,False,False,True,False,False,False,False,True,False,True,False,0,0.07755339841823214,0
61.29,22305,14,3,81,0.5545691833170967,False,False,False,False,False,True,False,False,False,False,False,False,False,False,False,False,True,0,0.028021915914058948,0
48.09,2078,12,1,57,0.8643661772848418,False,False,False,False,True,False,False,False,False,False,False,False,False,False,False,False,True,0,0.012577991184523882,0
8.54,888,12,0,32,0.9718989330630053,False,False,False,False,False,False,False,False,True,False,False,False,False,False,False,False,True,0,0.03409813963533481,0
70.06,2135,14,3,16,0.4234961361098796,False,False,False,False,True,False,False,False,False,False,False,False,False,False,False,False,True,0,0.014208871341868832,0
72.36,3223,19,1,65,0.3769660310386058,False,False,False,False,False,False,True,False,False,False,False,False,False,True,False,True,False,0,0.021555654662151907,0
192.1,50489,22,6,36,0.9539883297661439,False,False,False,False,False,False,False,False,False,False,False,False,False,False,False,True,False,0,0.376559885105265,0
107.08,602,6,0,66,0.797821257257533,False,True,False,False,False,False,False,False,False,False,False,False,False,False,True,False,False,0,0.011210163424061817,0
25.84,647,20,1,32,1.3454504282272937,False,False,False,False,False,True,False,False,False,False,False,False,False,False,False,True,False,0,0.056917990863723705,0
48.78,248858,20,2,49,0.9901249308410552,True,False,False,False,False,False,False,False,False,False,False,False,False,True,False,True,False,0,0.02306388041350235,0
161.24,545147,1,3,33,0.9498053884633473,False,False,False,False,False,False,False,True,False,False,False,False,False,False,False,False,False,0,0.13216274688191357,0
2.06,4542,22,0,22,0.7589633310305612,False,False,False,False,False,False,False,False,False,False,False,False,True,False,False,True,False,0,0.22124434650202143,0
113.89,2523,12,6,32,0.7229442185376409,False,False,False,False,False,False,True,False,False,False,False,False,False,False,False,False,True,0,0.024407475055201414,0
107.73,11751,8,0,56,1.0109029282309971,True,False,False,False,False,False,False,False,False,False,False,False,False,False,True,False,False,0,0.02019099379068316,0
68.83,4367,14,6,58,0.4859028459116127,False,False,False,False,False,False,False,False,False,True,False,False,False,True,False,False,True,0,0.013370991397992749,0
6.58,489,8,3,63,1.175056496592824,False,False,False,False,False,False,False,True,False,False,False,False,False,False,True,False,False,0,0.018706834575710294,0
26.28,1533,18,3,85,0.5728045058281145,False,False,False,False,True,False,False,False,False,False,False,False,False,False,False,True,False,0,0.06294141720882772,0
58.71,13973,9,1,39,0.6408429931465274,False,False,True,False,False,False,False,False,False,False,False,False,False,False,True,False,False,0,0.0073573833505860605,0
28.1,13422,18,2,58,0.935022935073793,False,False,False,False,True,False,False,False,False,False,False,False,False,True,False,True,False,0,0.033484355316460525,0
10.14,1241364,2,2,60,1.1166723466733641,False,False,False,False,False,False,False,False,False,False,False,False,False,True,False,False,False,0,0.35694143552320656,0
97.78,3996,6,2,43,0.5993124685253908,False,False,True,False,False,False,False,False,False,False,False,False,False,True,True,False,False,0,0.013440783664061878,0
1.75,3684,15,0,44,0.9990630343922225,False,False,False,False,False,False,False,False,False,True,False,False,False,True,False,False,True,0,0.022169186706770278,0
37.71,1263321,8,6,67,0.5283245248377194,False,False,False,False,False,False,False,False,False,False,True,False,False,True,True,False,False,0,0.013738007639628463,0
71.14,4993,11,5,71,0.94336637786176,False,False,False,False,False,False,False,True,False,False,False,False,False,False,True,False,False,0,0.01279032607109462,0
82.94,1078,16,6,30,0.9582943762941474,False,False,False,False,False,True,False,False,False,False,False,False,False,True,False,False,True,0,0.010658957732502881,0
75.73,1453,13,2,46,0.4799077326997223,False,False,False,False,False,False,False,False,False,False,False,False,False,True,False,False,True,0,0.01847203521732951,0
14.27,1762,15,3,58,0.6924693263914312,False,False,False,False,False,False,False,False,False,True,False,False,False,True,False,False,True,0,0.04427062953267012,0
7.12,8830,14,5,29,0.6302013432991054,False,False,False,False,False,True,False,False,False,False,False,False,False,False,False,False,True,0,0.023592869610340808,0
73.62,722,8,1,30,0.8477390419191462,False,False,False,True,False,False,False,False,False,False,False,False,False,False,True,False,False,0,0.005374623257657196,0
61.19,824,5,5,34,0.49645132924083063,False,True,False,False,False,False,False,False,False,False,False,False,False,False,False,False,False,0,0.06394489648771916,0
24.4,50489,23,1,36,1.0873413982852838,False,False,False,False,True,False,False,False,False,False,False,False,False,False,False,True,False,0,0.3521924237290077,0
1.91,376,14,3,81,1.1322047365472356,False,False,False,False,False,True,False,False,False,False,False,False,False,True,False,False,True,0,0.02178932279631962,0
548.37,932,5,0,66,0.34119359459696513,False,False,False,False,False,False,False,False,False,False,False,True,False,False,False,False,False,0,0.3732737459789314,0
30.83,2504700,13,0,20,0.3619126689023175,False,False,False,False,False,False,False,True,False,False,False,False,False,False,False,False,True,0,0.008929241276516538,0
135.66,1758,17,6,63,0.6285415687168149,False,False,False,False,False,True,False,False,False,False,False,False,False,True,False,False,True,0,0.012341694452545715,0
100.19,725,8,1,47,0.16123846017622462,False,False,False,True,False,False,False,False,False,False,False,False,False,False,True,False,False,0,0.0031475053334353922,0
3.58,73,6,3,85,0.46641143608728647,False,False,False,False,False,False,False,False,False,False,True,False,False,False,True,False,False,0,0.016711517204958684,0
9.86,5908,16,0,58,0.30622904620561997,False,False,False,False,False,False,False,False,False,False,False,False,True,False,False,False,True,0,0.1184542766159664,0
4.74,156391,2,6,52,0.8335908056672663,False,False,False,False,False,False,False,True,False,False,False,False,False,False,False,False,False,0,0.11139771904328029,0
10.92,6629,16,1,58,0.3767795265828652,False,False,False,False,False,False,False,False,False,True,False,False,False,False,False,False,True,0,0.042910272851373964,0
5.48,532,9,5,64,0.956060406235925,False,False,False,False,False,False,False,False,False,False,True,False,False,True,True,False,False,0,0.00898097331943134,0
38.48,5895,18,3,45,0.826799692209056,False,False,False,False,True,False,False,False,False,False,False,False,False,False,False,True,False,0,0.04902397034632791,0
26.6,4159,16,6,22,0.8616884094062016,False,False,False,False,False,False,False,False,False,False,False,False,False,True,False,False,True,0,0.017763044119685066,0
114.67,143,7,6,38,0.6771822219587633,False,False,False,True,False,False,False,False,False,False,False,False,False,True,True,False,False,0,0.010069535127196447,0
2.37,1606,14,1,54,0.5685129926395652,False,False,False,False,False,True,False,False,False,False,False,False,False,False,False,False,True,0,0.018802423819920002,0
76.9,632,22,1,31,0.6062201080020388,False,False,False,False,False,True,False,False,False,False,False,False,False,True,False,True,False,0,0.08544116986191573,0
28.31,3104,1,5,39,0.9069993564330704,False,False,False,False,False,False,False,True,False,False,False,False,False,False,False,False,False,0,0.13224665396384594,0
118.22,1461,21,3,85,0.14003728075053384,False,False,False,False,False,False,True,False,False,False,False,False,False,True,False,True,False,0,0.029493928074073607,0
86.05,106,3,0,37,1.0566205632080037,False,False,False,True,False,False,False,False,False,False,False,False,False,False,False,False,False,0,0.05256570808824638,0
139.32,595,3,1,40,0.9444241193812334,False,False,False,False,False,False,False,False,False,False,False,True,False,True,False,False,False,0,0.06452599658068667,0
130.05,1363,12,5,80,1.1321661791967612,False,False,False,False,False,False,False,False,False,True,False,False,False,False,False,False,True,0,0.02188496189673196,0
124.61,94325,14,1,32,1.1701770772515674,False,False,False,False,False,True,False,False,False,False,False,False,False,False,False,False,True,0,0.01544022225652101,0
22.14,237282,18,0,41,1.3393290972068914,False,False,False,False,False,True,False,False,False,False,False,False,False,False,False,True,False,0,0.06862749914739681,0
53.68,13835,2,4,53,1.1168143160816824,False,True,False,False,False,False,False,False,False,False,False,False,False,True,False,False,False,0,0.1845200829851436,0
34.84,460,9,3,16,0.7757205276953762,False,False,True,False,False,False,False,False,False,False,False,False,False,False,True,False,False,0,0.011870566553490518,0
143.84,19685,19,1,35,1.0893100359608354,False,False,False,False,False,False,False,False,False,True,False,False,False,False,False,True,False,0,0.03448448078964575,0
42.93,1139,11,2,69,0.7625137963604283,False,True,False,False,False,False,False,False,False,False,False,False,False,False,True,False,False,0,0.021045653874013873,0
124.28,1923,8,0,60,1.0657354971530264,False,False,False,True,False,False,False,False,False,False,False,False,False,False,True,False,False,0,0.015020812500185441,0
8.15,258,18,1,58,0.5937530961813999,False,False,False,False,False,False,False,False,False,True,False,False,False,True,False,True,False,0,0.07322010016235847,0
83.12,123,3,1,47,0.3710092022686146,False,False,False,False,False,False,False,False,False,False,True,False,False,True,False,False,False,0,0.03931254239777398,0
146.16,22930,19,5,48,0.28746869321197893,False,False,False,False,False,False,True,False,False,False,False,False,False,True,False,True,False,0,0.04125489322510553,0
51.04,969,20,6,66,0.5223717823255816,False,False,False,False,False,True,False,False,False,False,False,False,False,False,False,True,False,0,0.031266797213131546,0
45.16,1970,14,5,35,0.48400566135531486,False,False,False,False,False,True,False,False,False,False,False,False,False,False,False,False,True,0,0.02409695185737589,0
30.31,10256,22,2,52,0.9128389807961798,False,False,False,False,False,False,True,False,False,False,False,False,False,False,False,True,False,0,0.26708421632579044,0
65.7,3395,6,4,41,0.5476968358864207,False,True,False,False,False,False,False,False,False,False,False,False,False,True,True,False,False,0,0.022624567442736,0
61.57,27971,20,3,36,0.7390556000004361,False,False,False,False,False,False,True,False,False,False,False,False,False,False,False,True,False,0,0.03692884229194275,0
120.0,2078,6,6,57,1.1013135713360733,False,False,False,True,False,False,False,False,False,False,False,False,False,False,True,False,False,0,0.016669595206605388,0
66.82,1507,19,4,26,0.37533856071018734,False,False,False,False,False,False,False,False,False,True,False,False,False,True,False,True,False,0,0.04843532080969843,0
37.56,673342,1,5,37,0.9220203464837424,False,True,False,False,False,False,False,False,False,False,False,False,False,True,False,False,False,0,0.15550240245798888,0
38.19,2036,5,0,48,0.5330179498741114,False,False,True,False,False,False,False,False,False,False,False,False,False,False,False,False,False,0,0.04215416528983729,0
6.9,1241364,23,4,32,0.8733193802595938,False,False,False,False,False,False,False,False,False,False,False,False,False,True,False,True,False,0,0.20333100991434452,0
5.8,4542,14,0,22,0.4599949230165487,False,False,False,False,False,False,False,False,False,False,True,False,False,False,False,False,True,0,0.016505314603343944,0
213.9,3684,8,6,38,0.8717105032991158,False,False,False,True,False,False,False,False,False,False,False,False,False,False,True,False,False,0,0.02216878602616279,0
19.69,1312922,23,0,20,0.9673970896793114,False,False,False,False,False,True,False,False,False,False,False,False,False,False,False,True,False,0,0.1573574338771573,0
76.67,687276,3,3,47,0.9721131152047012,False,True,False,False,False,False,False,False,False,False,False,False,False,True,False,False,False,0,0.14564004520995022,0
1.85,21134,23,3,36,0.9524479965924577,False,False,False,False,False,False,False,False,False,False,True,False,False,False,False,True,False,0,0.11080105070185375,0
22.49,1100,22,6,70,1.0239270003164247,False,False,False,False,False,False,False,False,False,True,False,False,False,False,False,True,False,0,0.5779581426708233,1
148.03,3688,12,0,33,0.984539665554434,False,False,False,False,False,False,False,False,False,True,False,False,False,False,False,False,True,0,0.02121608185218645,0
13.55,1850,15,6,56,1.0011174838249537,False,False,False,False,False,False,False,False,False,True,False,False,False,False,False,False,True,0,0.05243968562526657,0
22.39,2906700,22,3,35,0.7268795417742863,False,False,False,False,True,False,False,False,False,False,False,False,False,False,False,True,False,0,0.43291394548852935,0
55.76,69,14,6,29,0.667569347655364,False,False,False,False,True,False,False,False,False,False,False,False,False,False,False,False,True,0,0.016591091873244725,0
16.7,757530,12,6,41,0.3216257470601501,False,False,False,False,False,False,False,False,False,True,False,False,False,True,False,False,True,0,0.02958076644991775,0
98.92,520,10,5,28,1.0455911381845209,False,False,False,True,False,False,False,False,False,False,False,False,False,False,True,False,False,0,0.006710254476746491,0
22.69,111,21,0,20,0.6152180635482051,False,False,False,False,False,False,False,False,True,False,False,False,False,True,False,True,False,0,0.08311030169983201,0
65.3,84106,18,5,49,0.9090226125531741,True,False,False,False,False,False,False,False,False,False,False,False,False,False,False,True,False,0,0.04433858994417257,0
2.43,242,17,5,33,0.1984298499747412,False,False,False,False,False,False,False,False,True,False,False,False,False,False,False,False,True,0,0.032451924289170785,0
169.74,95015,20,3,74,1.100700011930591,False,False,False,False,False,False,True,False,False,False,False,False,False,True,False,True,False,0,0.037783163276588434,0
11.49,21125,16,0,35,0.8035172466979125,False,False,False,False,False,False,False,False,False,True,False,False,False,False,False,False,True,0,0.05663924468237267,0
58.7,84106,2,0,49,0.6560226685694553,False,True,False,False,False,False,False,False,False,False,False,False,False,False,False,False,False,0,0.13443258845022155,0
26.31,1745,20,0,46,0.7486620988937482,False,False,False,False,False,True,False,False,False,False,False,False,False,False,False,True,False,0,0.030040976869005302,0
6.87,186140,21,0,37,0.3308861443004171,False,False,False,False,False,False,False,False,False,False,False,True,False,False,False,True,False,0,0.037135773316956056,0
66.76,1595797,3,1,44,0.7565852343893535,False,True,False,False,False,False,False,False,False,False,False,False,False,True,False,False,False,0,0.149748005176899,0
145.82,9034,22,1,51,1.068839424095127,False,False,False,False,False,False,False,False,False,True,False,False,False,True,False,True,False,0,0.22102352427274732,0
41.71,804,13,4,55,0.9255715129248476,False,False,False,False,False,True,False,False,False,False,False,False,False,True,False,False,True,0,0.012297021113291817,0
20.01,2290,22,5,74,0.6061033177973828,False,False,False,False,False,True,False,False,False,False,False,False,False,True,False,True,False,0,0.14767185268635083,0
6.54,207,0,0,58,0.9887312489635406,False,False,False,False,False,False,False,False,True,False,False,False,False,False,False,False,False,0,0.15312619586118983,0
26.82,761,3,4,77,0.7774155061001904,False,False,False,False,False,False,False,True,False,False,False,False,False,False,False,False,False,0,0.057903935175037315,0
73.76,741,21,5,34,1.0642874952591528,False,False,False,False,False,True,False,False,False,False,False,False,False,True,False,True,False,0,0.030736077112693584,0
34.41,34882,10,1,49,0.6696273679181602,False,False,False,False,False,False,False,True,False,False,False,False,False,False,True,False,False,0,0.01209714358691797,0
35.26,2317,12,6,56,0.8542045297245814,False,False,False,False,False,True,False,False,False,False,False,False,False,True,False,False,True,0,0.009592937924918022,0
29.74,589,22,0,74,0.9142837670143814,False,False,False,False,False,False,False,False,False,True,False,False,False,True,False,True,False,0,0.33381214251135644,0
35.41,190,22,1,50,0.3204161518650388,False,False,False,False,True,False,False,False,False,False,False,False,False,False,False,True,False,0,0.22193239792413674,0
60.39,1504,13,2,26,0.636013332451449,True,False,False,False,False,False,False,False,False,False,False,False,False,True,False,False,True,0,0.012409518727916095,0
65.28,18128,15,1,29,0.3267886522341342,False,False,False,False,False,False,False,False,False,False,False,True,False,False,False,False,True,0,0.013981956879941106,0
15.14,78968,6,6,52,0.9850813845820123,False,False,False,False,False,False,False,False,False,False,False,False,False,False,True,False,False,0,0.1073265488674154,0
46.79,2457,21,0,39,1.325616189189014,False,False,False,False,False,False,True,False,False,False,False,False,False,True,False,True,False,0,0.05027810345842823,0
74.26,737,18,1,33,0.804212688958592,False,False,False,False,True,False,False,False,False,False,False,False,False,True,False,True,False,0,0.02607188462896962,0
27.18,1892,22,3,64,0.6581635642361212,False,False,False,False,True,False,False,False,False,False,False,False,False,True,False,True,False,0,0.23672235752488266,0
30.29,1749,20,0,47,1.1581711862712816,False,False,False,False,False,False,False,False,False,False,False,False,False,False,False,True,False,0,0.06840088619769319,0
1.0,2263,13,4,36,0.819735123241651,False,False,False,False,False,False,False,False,False,False,False,True,False,False,False,False,True,0,0.027365411479702225,0
111.65,47249,21,4,40,0.7064208860339589,False,False,False,False,False,False,True,False,False,False,False,False,False,True,False,True,False,0,0.026598098117311574,0
125.14,129,0,6,54,0.6757486084943172,False,False,False,True,False,False,False,False,False,False,False,False,False,True,False,False,False,0,0.05187602974575581,0
48.14,632,15,0,31,0.8628249246057988,False,False,False,False,False,False,True,False,False,False,False,False,False,True,False,False,True,0,0.006690401703823719,0
50.44,3032,21,1,56,0.9065761683179204,False,False,False,False,False,False,True,False,False,False,False,False,False,True,False,True,False,0,0.021709105969273015,0
1.89,7692,22,0,33,0.890250046475708,False,False,False,False,False,False,False,False,False,False,False,True,False,True,False,True,False,0,0.10822596266717587,0
63.71,198,8,0,41,0.8459307172777204,False,True,False,False,False,False,False,False,False,False,False,False,False,True,True,False,False,0,0.005664500805461481,0
42.25,413574,14,5,52,0.748985847531184,False,False,False,False,False,False,True,False,False,False,False,False,False,False,False,False,True,0,0.019705470319218696,0
38.33,1423,16,0,21,1.018448181170251,False,False,False,False,False,False,False,False,False,True,False,False,False,False,False,False,True,0,0.016170729751889445,0
12.71,1426,16,2,63,0.2655548427895855,False,False,False,False,False,False,True,False,False,False,False,False,False,True,False,False,True,0,0.04286974236083017,0
124.48,805,21,0,50,1.0532375875864906,True,False,False,False,False,False,False,False,False,False,False,False,False,True,False,True,False,0,0.048810467995309664,0
15.89,248858,23,0,49,0.3482836204316812,False,False,False,False,False,False,False,False,False,False,False,False,False,True,False,True,False,0,0.19784439728699674,0
4.34,55345,1,5,72,0.7830074609976551,False,False,False,False,False,False,False,False,True,False,False,False,False,True,False,False,False,0,0.1467610334907641,0
91.21,18459,19,6,91,1.1456062524768214,False,False,False,False,True,False,False,False,False,False,False,False,False,False,False,True,False,0,0.041854284968741835,0
75.0,46944,8,4,78,0.5843296830086631,False,False,False,True,False,False,False,False,False,False,False,False,False,True,True,False,False,0,0.00970042586072993,0
64.25,13717,21,1,71,0.8129844141740965,False,False,False,False,False,True,False,False,False,False,False,False,False,False,False,True,False,0,0.022936583951573504,0
27.46,84861,0,1,88,1.1152667990848693,False,False,False,False,False,False,False,False,True,False,False,False,False,True,False,False,False,0,0.07653224733675183,0
139.89,92985,3,1,52,0.6820021793894714,False,False,False,False,False,False,False,False,False,False,False,False,False,False,False,False,False,0,0.11974577225861355,0
71.72,165,20,2,74,0.6943062700343344,False,False,False,False,False,False,True,False,False,False,False,False,False,False,False,True,False,0,0.02448737327968597,0
24.5,192,23,2,56,0.841841521587654,False,False,False,False,False,False,True,False,False,False,False,False,False,True,False,True,False,0,0.2619773117453306,0
46.17,391389,23,0,26,1.2189191196929368,False,False,False,False,False,False,False,False,False,True,False,False,False,False,False,True,False,0,0.17381889879550982,0
241.5,532,11,2,64,1.092103455333791,False,False,False,False,False,False,False,False,False,False,True,False,False,True,True,False,False,0,0.03877631230330786,0
70.24,761,0,5,77,1.0520278180019742,False,True,False,False,False,False,False,False,False,False,False,False,False,False,False,False,False,0,0.12066349957253138,0
213.82,142,4,1,53,0.5179861220196942,False,False,False,False,False,False,False,True,False,False,False,False,False,True,False,False,False,0,0.016140624937344552,0
6.26,222,14,0,57,1.2089451263796096,False,False,False,False,False,False,False,False,False,False,False,False,True,False,False,False,True,0,0.04858476440183587,0
78.9,198,16,1,42,0.8633094546476354,False,False,False,False,False,True,False,False,False,False,False,False,False,True,False,False,True,0,0.014449699534599226,0
30.81,1368,16,5,49,0.5407805569739015,False,False,False,False,False,True,False,False,False,False,False,False,False,False,False,False,True,0,0.02025196511918182,0
93.88,1423,5,1,22,1.0677392108792387,False,True,False,False,False,False,False,False,False,False,False,False,False,False,False,False,False,0,0.03718675262410227,0
138.18,1446,12,3,42,1.2665274842718575,False,False,False,False,False,False,False,False,False,False,False,True,False,True,False,False,True,0,0.014830570041428227,0
8.84,2092,13,0,58,0.9941918044949872,True,False,False,False,False,False,False,False,False,False,False,False,False,True,False,False,True,0,0.028194067401588037,0
71.16,4508,22,3,71,0.9368364765058986,False,False,False,False,False,False,True,False,False,False,False,False,False,False,False,True,False,0,0.23436706580936473,0
10.31,4198,19,2,19,1.1329730083042624,False,False,False,False,False,False,False,False,False,False,False,False,False,False,False,True,False,0,0.1550308483412827,0
4.35,218,16,4,25,1.343862244553738,False,False,False,False,False,False,False,False,False,True,False,False,False,True,False,False,True,0,0.026836393535392963,0
72.87,6629,6,1,57,0.5557448693528415,False,False,False,True,False,False,False,False,False,False,False,False,False,False,True,False,False,0,0.010896161338521216,0
1.23,1631,14,1,67,0.7567975040028815,False,False,False,False,False,False,False,False,False,True,False,False,False,False,False,False,True,0,0.030698023789354417,0
35.39,717255,1,0,54,0.6021027700094047,True,False,False,False,False,False,False,False,False,False,False,False,False,False,False,False,False,0,0.10554893942008087,0
15.3,5657,12,2,33,0.26038173573813345,False,False,False,False,False,False,False,False,True,False,False,False,False,True,False,False,True,0,0.04455079283594537,0
7.06,5354,4,4,55,0.8103174408717897,False,False,False,False,False,False,False,False,False,False,False,False,False,True,False,False,False,0,0.14259617310740275,0
5.3,10256,22,2,52,0.5127314097234593,False,False,False,False,False,True,False,False,False,False,False,False,False,False,False,True,False,0,0.12276587349436043,0
124.46,648,7,0,51,1.1057167218130546,False,False,False,False,False,False,False,False,False,False,False,False,False,True,True,False,False,0,0.0064202042188182505,0
198.78,5760,7,1,42,0.8461272763438129,False,False,False,True,False,False,False,False,False,False,False,False,False,False,True,False,False,0,0.011017218987402155,0
12.96,302,13,0,47,0.8238406833296286,False,False,False,False,False,True,False,False,False,False,False,False,False,False,False,False,True,0,0.016751044926494877,0
29.71,1506,14,3,60,0.8535800731091427,False,False,False,False,True,False,False,False,False,False,False,False,False,True,False,False,True,0,0.02039564802165777,0
8.47,190,8,3,50,1.056002741703343,False,False,False,False,False,False,False,False,False,False,True,False,False,False,True,False,False,0,0.025164588025915143,0
92.22,15623,18,3,27,0.7351270405854895,False,False,False,False,True,False,False,False,False,False,False,False,False,False,False,True,False,0,0.034933628293729105,0
40.54,725,2,0,47,0.553804807303978,False,False,True,False,False,False,False,False,False,False,False,False,False,False,False,False,False,0,0.12998519350481677,0
34.21,123,8,4,47,0.844243540119793,False,False,False,False,False,False,False,False,True,False,False,False,False,True,True,False,False,0,0.011752061843879757,0
75.5,409656,19,1,90,0.7848361412479623,False,False,False,False,False,False,False,False,False,True,False,False,False,False,False,True,False,0,0.03298251428906406,0
82.26,2408,17,1,23,0.1600856311853165,False,False,False,False,False,False,False,False,False,False,False,False,False,False,False,False,True,0,0.018921741175499707,0
63.28,409656,2,2,34,0.3868100512913315,False,True,False,False,False,False,False,False,False,False,False,False,False,True,False,False,False,0,0.15352412757497522,0
78.43,42817,13,2,38,1.053769489306846,False,False,False,False,False,True,False,False,False,False,False,False,False,False,False,False,True,0,0.013642489468837267,0
49.42,1643,8,3,44,0.5784549206956333,False,True,False,False,False,False,False,False,False,False,False,False,False,False,True,False,False,0,0.027045762237476213,0
9.07,1363,4,3,79,1.2722436010489466,False,False,False,False,False,False,False,False,False,False,True,False,False,False,False,False,False,0,0.06214521711948,0
126.31,163415,19,2,15,0.3554057390040259,True,False,False,False,False,False,False,False,False,False,False,False,False,False,False,True,False,0,0.06523813053371778,0
8.44,5908,14,2,58,0.7641240732426942,False,False,False,False,False,False,False,False,False,False,False,False,True,False,False,False,True,0,0.0878478467703718,0
69.37,970,15,3,27,0.8933842142202927,False,False,False,False,False,False,False,False,False,False,False,False,False,True,False,False,True,0,0.014696711113936898,0
50.69,11250,20,1,43,0.38074209701055267,True,False,False,False,False,False,False,False,False,False,False,False,False,True,False,True,False,0,0.03241024988018708,0
65.71,1261,14,6,48,0.9235832286415864,True,False,False,False,False,False,False,False,False,False,False,False,False,True,False,False,True,0,0.012073025134269508,0
8.61,911,9,5,50,1.089608028381308,False,False,False,False,False,False,False,False,True,False,False,False,False,True,True,False,False,0,0.04467098039994228,0
18.62,9815,21,1,45,0.7823579711672927,False,False,False,False,True,False,False,False,False,False,False,False,False,True,False,True,False,0,0.11227399355464826,0
67.08,2401,7,3,48,0.9186319981651991,False,True,False,False,False,False,False,False,False,False,False,False,False,False,True,False,False,0,0.032605734504961334,0
76.08,224256,20,1,35,0.44626611485189055,True,False,False,False,False,False,False,False,False,False,False,False,False,False,False,True,False,0,0.02845390142206884,0
6.09,765,23,1,48,0.24076126489533056,False,False,False,False,False,False,False,False,False,True,False,False,False,False,False,True,False,0,0.22397624308188724,0
4.04,7268,18,1,32,0.3088879839699268,False,False,False,False,True,False,False,False,False,False,False,False,False,True,False,True,False,0,0.055662821064286896,0
7.36,128,13,2,74,1.168705682793147,False,False,False,False,True,False,False,False,False,False,False,False,False,True,False,False,True,0,0.06734665317679786,0
8.57,5875,6,6,28,0.9525263831474684,False,False,False,False,False,False,False,True,False,False,False,False,False,False,True,False,False,0,0.06414452909016857,0
10.52,24840,19,4,60,0.9692140427975707,False,False,False,False,False,False,False,False,False,True,False,False,False,True,False,True,False,0,0.12414177790384488,0
72.73,3495,1,1,32,0.8201869387188481,False,False,True,False,False,False,False,False,False,False,False,False,False,False,False,False,False,0,0.12553509841155883,0
220.76,21134,8,1,36,0.7795179922554697,False,False,False,True,False,False,False,False,False,False,False,False,False,False,True,False,False,0,0.018437779777298352,0
5.35,5512,15,0,40,0.6669605409025299,False,False,False,False,False,False,False,False,False,False,True,False,False,True,False,False,True,0,0.020056811355729474,0
1.22,34496,2,6,49,0.8768253592939708,False,False,False,False,False,False,False,True,False,False,False,False,False,False,False,False,False,0,0.12871714803886045,0
6.55,2501,13,4,34,0.3698889516057495,False,False,False,False,False,False,False,False,False,False,True,False,False,True,False,False,True,0,0.026731389079180445,0
48.58,4056,5,0,30,0.8982786042381234,False,True,False,False,False,False,False,False,False,False,False,False,False,False,False,False,False,0,0.04438221130136565,0
39.22,1274,19,4,71,0.7523302875632549,False,False,False,False,False,False,False,False,False,False,False,False,False,False,False,True,False,0,0.06814339916628354,0
1.61,79008,20,5,36,0.923862311305101,False,False,False,False,False,False,False,False,False,True,False,False,False,True,False,True,False,0,0.07366234081905912,0
44.7,2092,23,0,58,0.4798266378068173,False,False,False,False,True,False,False,False,False,False,False,False,False,True,False,True,False,0,0.2039719019991996,0
221.58,1577385,9,1,39,0.983279249483583,False,False,False,True,False,False,False,False,False,False,False,False,False,False,True,False,False,0,0.010550841013480874,0
6.24,5950,12,0,49,0.7377187591223416,False,False,False,False,False,False,False,False,False,False,False,True,False,False,False,False,True,0,0.023876286175509142,0
1.61,3862,11,0,58,0.4377839450562338,False,False,False,False,False,False,False,False,False,False,False,True,False,False,True,False,False,0,0.024296647448388928,0
102.5,3430,17,6,70,0.6086106687415183,False,False,False,False,False,True,False,False,False,False,False,False,False,False,False,False,True,0,0.017459724760311282,0
53.04,1689,22,4,22,0.8847487382240208,False,False,False,False,False,False,False,False,False,True,False,False,False,False,False,True,False,0,0.3718820077303208,0
31.18,1288,3,3,84,1.2316220236667623,False,True,False,False,False,False,False,False,False,False,False,False,False,False,False,False,False,0,0.15301368882049213,0
61.41,136,4,3,20,1.1640523247320131,False,True,False,False,False,False,False,False,False,False,False,False,False,False,False,False,False,0,0.04616929688265971,0
96.74,632,7,1,31,0.9599812421547594,False,False,False,False,False,False,False,False,False,False,True,False,False,True,True,False,False,0,0.0020384941336013393,0
58.09,1506,0,5,60,0.8965962321245907,False,True,False,False,False,False,False,False,False,False,False,False,False,True,False,False,False,0,0.1511427196679578,0
177.58,2258,0,0,83,0.734392262666894,False,False,False,True,False,False,False,False,False,False,False,False,False,True,False,False,False,0,0.08374895800579277,0
152.86,1022298,13,1,52,0.8994998601289418,False,False,False,False,False,False,True,False,False,False,False,False,False,False,False,False,True,0,0.010783949213710071,0
28.88,54767,15,5,33,0.9092147931715534,True,False,False,False,False,False,False,False,False,False,False,False,False,True,False,False,True,0,0.02054299054328107,0
220.89,519,10,3,54,0.5145951414247879,False,False,False,False,False,False,False,False,False,False,False,True,False,True,True,False,False,0,0.009717222361960477,0
3.75,2607,21,0,24,1.1370389374933432,False,False,False,False,False,False,False,False,True,False,False,False,False,False,False,True,False,0,0.08145506214705196,0
28.68,105638,23,1,34,0.9257454829595391,False,False,False,False,False,False,True,False,False,False,False,False,False,False,False,True,False,0,0.17799306499710715,0
8.71,11250,18,3,43,1.0037099650740666,False,False,False,False,False,False,False,False,False,True,False,False,False,True,False,True,False,0,0.129127651905429,0
7.56,1563,19,0,42,0.5766603406096212,False,False,False,False,False,False,True,False,False,False,False,False,False,False,False,True,False,0,0.10144794703939009,0
288.51,92294,5,6,51,0.5223654400752391,False,False,False,False,False,False,False,False,True,False,False,False,False,True,False,False,False,0,0.14782828126645728,0
49.25,516,8,2,54,0.28330088691177546,False,True,False,False,False,False,False,False,False,False,False,False,False,False,True,False,False,0,0.008990582261765561,0
8.93,606,16,5,31,0.3284802179492744,True,False,False,False,False,False,False,False,False,False,False,False,False,False,False,False,True,0,0.03385616139258317,0
9.99,59744,11,3,36,1.1565383810185468,False,False,False,False,False,False,False,False,True,False,False,False,False,False,True,False,False,0,0.0592899503687948,0
120.62,741,4,6,33,1.0932931135395398,False,False,False,False,False,False,False,True,False,False,False,False,False,True,False,False,False,0,0.03614460386840657,0
7.14,4878,5,0,53,1.1438745692574808,False,False,False,False,False,False,False,False,True,False,False,False,False,True,False,False,False,0,0.12140863258587506,0
6.09,21437,17,0,56,0.3406966429611514,False,False,False,False,False,False,False,False,False,False,False,False,True,True,False,False,True,0,0.07965302939593566,0
9.78,1766,7,0,58,0.8827551717962314,False,False,False,False,False,False,False,False,False,False,True,False,False,True,True,False,False,0,0.034621089729895006,0
119.66,21134,13,1,36,0.38822935567651257,False,False,False,False,False,False,False,False,False,True,False,False,False,False,False,False,True,0,0.022992171896075757,0
4.65,242,15,3,33,0.27603134486503733,False,False,False,False,False,False,False,True,False,False,False,False,False,False,False,False,True,0,0.019652469782504196,0
61.53,7268,23,5,32,0.5653072803104459,False,False,False,False,False,True,False,False,False,False,False,False,False,True,False,True,False,0,0.08605442684860155,0
18.58,18408,22,0,48,0.9679236259049537,False,False,False,False,True,False,False,False,False,False,False,False,False,True,False,True,False,0,0.42245080725708706,0
9.99,134056,0,1,40,0.7932917362641551,False,False,False,False,False,False,False,True,False,False,False,False,False,True,False,False,False,0,0.19802448433284478,0
135.97,565,9,1,42,0.9222483521291838,False,False,False,False,False,False,False,False,False,False,False,True,False,True,True,False,False,0,0.004975658843959964,0
52.82,804,13,3,55,0.8472551101156034,False,False,False,False,False,False,False,False,False,True,False,False,False,True,False,False,True,0,0.008420365552122324,0
31.69,24840,11,5,60,0.5281813908923751,True,False,False,False,False,False,False,False,False,False,False,False,False,True,True,False,False,0,0.016057813167521296,0
44.76,31515,15,6,48,0.46175929937793336,False,False,False,False,False,True,False,False,False,False,False,False,False,True,False,False,True,0,0.010577375313925415,0
12.74,1490,17,5,29,0.9118186023074986,False,False,False,False,False,False,True,False,False,False,False,False,False,False,False,False,True,0,0.07718031028045488,0
2.95,242,14,5,32,0.6147372298185569,True,False,False,False,False,False,False,False,False,False,False,False,False,False,False,False,True,0,0.028645423060205802,0
8.34,4542,23,0,22,0.8071572096171807,False,False,False,False,False,False,False,False,False,False,False,False,False,False,False,True,False,0,0.45526989724155453,0
103.79,341,3,4,41,1.1423178967559742,False,False,False,False,False,False,False,True,False,False,False,False,False,True,False,False,False,0,0.07377816772073326,0
52.83,1446,19,0,42,1.004421966570813,False,False,False,False,False,False,True,False,False,False,False,False,False,True,False,True,False,0,0.021598489190024526,0
36.14,47772,22,0,54,1.1266770904016796,False,False,False,False,False,True,False,False,False,False,False,False,False,True,False,True,False,0,0.07454044450057859,0
21.99,1382480,7,0,30,0.7760215103784198,False,False,True,False,False,False,False,False,False,False,False,False,False,True,True,False,False,0,0.031551064878298306,0
177.72,111,20,0,20,0.9582544100524579,False,False,False,False,False,False,False,False,True,False,False,False,False,True,False,True,False,0,0.03523837194429298,0
3.15,391389,19,6,26,0.828118216071229,True,False,False,False,False,False,False,False,False,False,False,False,False,False,False,True,False,0,0.039639494763218444,0
7.06,2290,2,4,75,0.6173957532741837,False,False,False,False,False,False,False,False,True,False,False,False,False,True,False,False,False,0,0.24186092751336788,0
49.99,35439,20,1,35,0.785152815641005,False,False,False,False,True,False,False,False,False,False,False,False,False,True,False,True,False,0,0.014479440659980145,0
98.89,84106,8,0,49,0.5306439835680817,False,True,False,False,False,False,False,False,False,False,False,False,False,False,True,False,False,0,0.021250184122810736,0
124.48,2148,2,1,67,0.9616166826807895,False,False,False,True,False,False,False,False,False,False,False,False,False,False,False,False,False,0,0.08423039896703857,0
10.66,2870,15,3,21,0.9304898715203788,False,False,False,False,False,False,True,False,False,False,False,False,False,True,False,False,True,0,0.035109894572029975,0
96.96,320420,20,2,44,0.8130932076687182,False,False,False,False,True,False,False,False,False,False,False,False,False,False,False,True,False,0,0.026436954861017714,0
25.71,6469,20,2,41,0.5767974945992715,False,False,False,False,False,False,True,False,False,False,False,False,False,False,False,True,False,0,0.04391636130830128,0
349.35,3263,17,4,90,0.24742288175914195,False,False,False,False,False,False,True,False,False,False,False,False,False,True,False,False,True,0,0.056898829547290655,0
57.32,241,10,6,45,0.635035748338622,False,False,True,False,False,False,False,False,False,False,False,False,False,False,True,False,False,0,0.013174791374591053,0
99.51,341,17,4,87,1.3342007239501146,False,False,False,False,False,False,False,False,False,False,False,False,False,False,False,False,True,0,0.050436755025991896,0
54.59,92043,9,4,59,0.4724659158680123,False,True,False,False,False,False,False,False,False,False,False,False,False,False,True,False,False,0,0.02717738996385817,0
91.23,1324,20,0,94,1.0008194864175037,False,False,False,False,False,False,True,False,False,False,False,False,False,False,False,True,False,0,0.030559796139014585,0
100.01,277,6,5,49,1.0605274572334271,False,False,False,True,False,False,False,False,False,False,False,False,False,True,True,False,False,0,0.0079141350998134,0
217.57,4159,16,6,22,0.7831756677859708,False,False,False,False,False,False,True,False,False,False,False,False,False,True,False,False,True,0,0.023255815663294096,0
61.64,237282,8,0,59,1.0772265953442708,False,True,False,False,False,False,False,False,False,False,False,False,False,True,True,False,False,0,0.024701817965736526,0
24.02,14783,17,3,64,1.3569278884833835,False,False,False,False,False,False,False,False,False,True,False,False,False,True,False,False,True,0,0.041621688007079376,0
13.64,743,20,1,52,0.7102624258265359,True,False,False,False,False,False,False,False,False,False,False,False,False,True,False,True,False,0,0.05892510683417632,0
6.33,255,18,3,48,0.9525278520914771,False,False,False,False,False,False,False,False,False,False,False,True,False,False,False,True,False,0,0.029951490467050236,0
48.68,2274,1,0,76,0.48376683356550787,False,True,False,False,False,False,False,False,False,False,False,False,False,True,False,False,False,0,0.15963587319699246,0
6.32,1563,18,6,42,0.20353937757839266,False,False,False,False,False,False,False,False,True,False,False,False,False,False,False,True,False,0,0.09641352334401575,0
59.35,1261,18,0,48,0.8048175331216316,False,False,False,False,False,False,True,False,False,False,False,False,False,True,False,True,False,0,0.01757492934832758,0
99.14,1051,6,6,44,0.8674086397823118,False,False,False,True,False,False,False,False,False,False,False,False,False,False,True,False,False,0,0.008396501583779928,0
19.77,144160,13,2,36,0.5943572117851357,False,False,False,False,False,False,True,False,False,False,False,False,False,False,False,False,True,0,0.07761836824097262,0
82.92,2317,16,4,56,0.2235759384593994,False,False,False,False,True,False,False,False,False,False,False,False,False,True,False,False,True,0,0.02565387187850317,0
10.53,3458,13,4,35,1.067978586216034,False,False,False,False,False,False,False,False,False,False,True,False,False,False,False,False,True,0,0.02576460188283322,0
100.82,341,0,5,41,0.9532638895106597,False,False,False,False,False,False,False,True,False,False,False,False,False,True,False,False,False,0,0.06543391221142242,0
19.84,1312,13,4,65,1.3061528963000455,False,False,False,False,False,True,False,False,False,False,False,False,False,True,False,False,True,0,0.02047833276460115,0
3.11,11751,18,2,56,0.4077879473574432,False,False,False,False,False,False,False,False,False,False,False,False,True,False,False,True,False,0,0.10359691488783102,0
150.32,1530,20,5,34,0.831279097325321,False,False,False,False,False,False,False,False,True,False,False,False,False,False,False,True,False,0,0.08151623501868584,0
59.2,4653,20,1,23,1.0366010076138208,False,False,False,False,False,True,False,False,False,False,False,False,False,True,False,True,False,0,0.015530599255219662,0
6.21,61,5,4,80,0.9660842607479955,False,False,False,False,False,False,False,False,False,False,True,False,False,False,False,False,False,0,0.038134954895007074,0
59.21,67082,23,1,50,0.8261637480330467,False,False,False,False,False,False,True,False,False,False,False,False,False,False,False,True,False,0,0.13053936311020703,0
77.37,349,13,6,41,0.7139788985572396,False,False,False,False,True,False,False,False,False,False,False,False,False,True,False,False,True,0,0.012944621889057912,0
58.37,18128,20,0,29,1.0152776348664407,True,False,False,False,False,False,False,False,False,False,False,False,False,False,False,True,False,0,0.029157752714508125,0
83.88,11751,11,6,56,1.2334343767821558,False,False,False,True,False,False,False,False,False,False,False,False,False,False,True,False,False,0,0.013836483082640114,0
8.86,86954,15,5,28,0.8772033329257292,False,False,False,False,False,False,False,False,False,True,False,False,False,True,False,False,True,0,0.03079461201556512,0
7.98,5760,21,5,42,0.43338566014233143,False,False,False,False,False,False,False,False,False,False,True,False,False,False,False,True,False,0,0.053448797117340824,0
42.45,824,4,3,34,0.9535140352915737,False,True,False,False,False,False,False,False,False,False,False,False,False,False,False,False,False,0,0.07136699393604529,0
19.33,895,3,6,21,0.8264388653131016,False,False,True,False,False,False,False,False,False,False,False,False,False,True,False,False,False,0,0.3643051525227551,0
10.28,498,17,0,29,0.42840322005558784,False,False,False,False,False,False,False,False,False,False,False,True,False,False,False,False,True,0,0.016224476485750747,0
83.55,1577385,4,5,62,0.6056186756342672,False,False,False,True,False,False,False,False,False,False,False,False,False,False,False,False,False,0,0.032806444402279075,0
182.37,5875,2,6,27,0.7391903721586246,False,False,False,True,False,False,False,False,False,False,False,False,False,False,False,False,False,0,0.09036067150625991,0
72.64,43,1,1,71,0.9140224759829564,False,True,False,False,False,False,False,False,False,False,False,False,False,False,False,False,False,0,0.07761640576817168,0
5.87,520,12,5,29,0.3830561968915283,False,False,False,False,False,False,False,False,False,False,True,False,False,False,False,False,True,0,0.01380119577690829,0
7.19,78968,21,5,52,1.0737628085350133,False,False,False,False,False,False,False,False,False,False,False,False,True,False,False,True,False,0,0.12014114753588209,0
4.08,1517,10,6,68,1.3722964702483211,False,False,False,False,False,False,False,True,False,False,False,False,False,True,True,False,False,0,0.01941871865564809,0
1.82,4474,23,2,44,0.9131862450234416,False,False,False,False,False,False,False,False,False,False,False,True,False,True,False,True,False,0,0.12641821395737593,0
97.25,1514,21,1,53,1.0871403613609405,False,False,False,False,True,False,False,False,False,False,False,False,False,True,False,True,False,0,0.020188176885280455,0
14.33,3119,7,1,78,0.9892681448065505,False,False,False,False,False,False,False,False,False,False,False,True,False,False,True,False,False,0,0.025352422974599224,0
71.23,12335,10,6,33,1.198657700434111,False,True,False,False,False,False,False,False,False,False,False,False,False,False,True,False,False,0,0.016871179637742047,0
95.82,9506,18,4,67,0.6498346208267085,False,False,False,False,False,False,True,False,False,False,False,False,False,True,False,True,False,0,0.035861882218673494,0
7.89,1139,3,1,69,0.8467781857960247,False,False,False,False,False,False,False,False,True,False,False,False,False,False,False,False,False,0,0.2653074639468996,0
27.01,4306,12,5,30,0.6700926220702632,False,False,False,False,False,True,False,False,False,False,False,False,False,True,False,False,True,0,0.005744212984439538,0
44.64,5901,0,4,48,0.998409012053181,False,False,False,True,False,False,False,False,False,False,False,False,False,True,False,False,False,0,0.07470004759837237,0
1.35,69793,2,4,66,0.9017893511924022,False,False,False,False,False,False,False,False,False,False,False,False,False,True,False,False,False,0,0.21511811022673744,0
8.73,1745,14,1,46,1.0561313713307576,False,False,False,False,False,False,False,False,True,False,False,False,False,False,False,False,True,0,0.0471840133316393,0
195.18,2135,22,1,16,0.9819701808466524,False,False,False,False,False,False,False,True,False,False,False,False,False,False,False,True,False,0,0.16241428153516907,0
4.12,836,13,5,38,0.9629092757601805,False,False,False,False,False,False,False,False,False,False,True,False,False,False,False,False,True,0,0.015879867833680544,0
51.78,1382480,23,0,30,1.311355069017165,True,False,False,False,False,False,False,False,False,False,False,False,False,True,False,True,False,0,0.059158983507402486,0
72.81,341,1,0,87,0.6987408292779265,False,True,False,False,False,False,False,False,False,False,False,False,False,False,False,False,False,0,0.09225572097654428,0
46.38,2644,18,0,37,0.9760878526290543,False,False,False,False,False,False,True,False,False,False,False,False,False,False,False,True,False,0,0.03266813058443938,0
93.77,1126,3,4,40,0.9102014519066705,False,False,False,True,False,False,False,False,False,False,False,False,False,True,False,False,False,0,0.049592431998719884,0
650.86,3508,23,6,73,0.8246923732210613,False,False,False,False,False,False,False,True,False,False,False,False,False,False,False,True,False,1,0.9343627205152679,1
122.53,1263321,10,4,67,0.2956618963376883,True,False,False,False,False,False,False,False,False,False,False,False,False,True,True,False,False,0,0.043817232389459455,0
5.65,241,12,6,45,0.6033792723519762,False,False,False,False,False,False,False,False,False,False,True,False,False,False,False,False,True,0,0.012733290742812584,0
108.11,21125,17,1,35,0.5030654017302385,False,False,False,False,False,False,True,False,False,False,False,False,False,False,False,False,True,0,0.014922596829073523,0
94.49,1360,7,0,35,0.8398676702010811,False,False,False,False,False,False,False,True,False,False,False,False,False,True,True,False,False,0,0.005891006850539553,0
8.33,178,21,6,37,0.4119159122697309,False,False,False,False,False,False,True,False,False,False,False,False,False,False,False,True,False,0,0.10026877437251133,0
2.68,2135,21,0,16,1.1021304569246821,False,False,False,False,False,False,False,False,False,True,False,False,False,False,False,True,False,0,0.06392537489729473,0
165.81,63,10,1,50,0.6029235630575298,False,False,False,True,False,False,False,False,False,False,False,False,False,False,True,False,False,0,0.002426620896820413,0
9.41,2290,0,4,74,0.6308656104535986,False,False,False,False,False,False,False,False,False,False,True,False,False,True,False,False,False,0,0.1459575929842218,0
130.25,1700,21,5,18,0.6493020401639011,False,False,False,False,False,False,False,False,False,True,False,False,False,True,False,True,False,0,0.05130887497141017,0
24.86,630,17,0,61,0.3195228374967874,False,False,False,False,False,True,False,False,False,False,False,False,False,False,False,False,True,0,0.0164996806451179,0
49.0,972,14,5,23,0.6730364180414014,False,False,False,False,True,False,False,False,False,False,False,False,False,True,False,False,True,0,0.01185301659557688,0
56.43,478,9,2,60,0.8180496226171116,False,True,False,False,False,False,False,False,False,False,False,False,False,False,True,False,False,0,0.0122319894480026,0
89.18,21635,14,2,19,0.6756221051393994,False,False,False,False,True,False,False,False,False,False,False,False,False,True,False,False,True,0,0.010392492492386904,0
6.47,149,17,5,42,1.170028092716155,False,False,False,False,False,False,True,False,False,False,False,False,False,False,False,False,True,0,0.0942062457663305,0
49.96,1446,18,6,42,0.5749613615409285,True,False,False,False,False,False,False,False,False,False,False,False,False,True,False,True,False,0,0.042472542303212006,0
93.24,2518,0,5,74,0.7180263066517891,False,True,False,False,False,False,False,False,False,False,False,False,False,True,False,False,False,0,0.14825641253980495,0
46.25,302,14,1,47,1.0797938498435795,False,False,False,False,False,False,False,False,False,False,False,True,False,False,False,False,True,0,0.011738283614472978,0
62.31,736284,0,3,68,0.926556681990358,False,True,False,False,False,False,False,False,False,False,False,False,False,False,False,False,False,0,0.12293485573888274,0
158.4,370,8,6,58,0.43170631297793094,False,False,False,True,False,False,False,False,False,False,False,False,False,True,True,False,False,0,0.004043128599399031,0
2.2,76,10,1,65,0.9467613802653709,False,False,False,False,False,False,False,False,True,False,False,False,False,True,True,False,False,0,0.010418219724177525,0
6.67,84861,22,0,88,0.6467652607778233,False,False,False,False,True,False,False,False,False,False,False,False,False,True,False,True,False,0,0.12707986646442052,0
72.54,782,14,0,38,1.3014698861614176,False,False,False,False,False,False,False,False,False,False,False,False,False,True,False,False,True,0,0.009751637333624675,0
4.4,626,18,1,59,0.5014421178730428,False,False,False,False,False,True,False,False,False,False,False,False,False,True,False,True,False,0,0.02831403724005728,0
31.09,1760,20,6,48,0.6679782763847958,False,False,False,False,False,False,False,False,False,False,False,False,False,False,False,True,False,0,0.0777273421360202,0
62.68,3096,10,6,45,0.7698308363276889,False,False,True,False,False,False,False,False,False,False,False,False,False,True,True,False,False,0,0.010117741267110004,0
132.93,1925,10,0,54,0.7731284564191171,False,False,False,True,False,False,False,False,False,False,False,False,False,False,True,False,False,0,0.010239792772059737,0
38.84,3699,13,1,72,0.44205634294284446,False,False,False,False,False,False,False,False,False,True,False,False,False,False,False,False,True,0,0.018758320392730964,0
281.53,13973,22,1,39,0.8053873032547693,False,False,False,False,False,False,False,False,False,False,True,False,False,False,False,True,False,0,0.45622842697232924,0
103.2,34496,21,6,50,0.893922418184602,False,False,False,False,False,False,True,False,False,False,False,False,False,False,False,True,False,0,0.03864603435164805,0
59.78,1423,7,6,22,0.9403359845315901,False,True,False,False,False,False,False,False,False,False,False,False,False,False,True,False,False,0,0.04286055009572539,0
7.77,85,23,1,36,0.379435999221214,False,False,False,False,False,False,False,False,True,False,False,False,False,False,False,True,False,0,0.2768382909625856,0
70.22,1810,0,0,45,0.8186675017203261,False,False,False,True,False,False,False,False,False,False,False,False,False,False,False,False,False,0,0.0718393741595692,0
9.52,269,5,1,58,0.2610731179267573,False,False,False,False,False,False,False,False,False,False,False,True,False,True,False,False,False,0,0.050599168235354874,0
98.64,899,13,4,52,1.0199138912761219,False,False,False,False,False,False,False,False,False,True,False,False,False,True,False,False,True,0,0.011799799420063968,0
48.7,2408,18,0,22,0.8480296874013371,False,False,False,False,False,False,False,False,True,False,False,False,False,False,False,True,False,0,0.043918323783659216,0
8.63,648,10,3,51,0.7079425451616804,False,False,False,False,False,False,False,False,False,False,False,True,False,True,True,False,False,0,0.018124282283206863,0
89.37,2906700,23,1,37,0.731527464006649,False,False,False,False,False,False,False,False,False,False,True,False,False,False,False,True,False,0,0.062336517689589845,0
37.28,673342,23,6,50,0.38657678243397103,False,False,False,False,False,False,True,False,False,False,False,False,False,True,False,True,False,0,0.11899063074301168,0
13.54,165556,14,6,22,0.8332101968585204,False,False,False,False,False,False,True,False,False,False,False,False,False,False,False,False,True,0,0.03747812840692546,0
150.96,95,10,4,26,0.9353407974262596,False,False,False,False,False,False,False,False,False,False,False,True,False,True,True,False,False,0,0.006349730268681455,0
25.03,9521,13,4,42,0.8267159646952542,False,False,False,False,False,False,False,False,False,True,False,False,False,False,False,False,True,0,0.03254598523201525,0
90.84,337,1,3,34,0.5569536222702922,False,False,False,False,False,False,False,False,False,False,True,False,False,True,False,False,False,0,0.05545314163290007,0
63.38,836,12,1,38,1.0032442126471464,False,False,False,False,False,False,False,False,False,False,False,False,False,False,False,False,True,0,0.014316148112504893,0
133.31,213,0,1,48,0.5949528342263833,False,False,False,True,False,False,False,False,False,False,False,False,False,False,False,False,False,0,0.05185533829187346,0
40.76,1680,12,3,43,1.0304423844024426,False,False,False,False,False,False,True,False,False,False,False,False,False,True,False,False,True,0,0.017929958579117614,0
50.0,7297,16,6,30,1.105460191067952,False,False,False,False,False,False,False,False,False,True,False,False,False,True,False,False,True,0,0.014991115301990614,0
28.39,642,23,3,73,0.24065649378730491,False,False,False,False,False,False,True,False,False,False,False,False,False,False,False,True,False,0,0.23609753137834658,0
3.45,238602,21,2,27,0.9520806674699336,False,False,False,False,False,False,False,False,False,True,False,False,False,True,False,True,False,0,0.056092858360571304,0
42.89,324,3,6,44,0.4349071923732628,False,True,False,False,False,False,False,False,False,False,False,False,False,False,False,False,False,0,0.09946953107601411,0
6.15,341,22,6,87,0.13196636692733413,False,False,False,False,True,False,False,False,False,False,False,False,False,False,False,True,False,0,0.16949361253141434,0
32.23,258,18,1,76,0.8661530161178234,False,False,False,False,False,False,True,False,False,False,False,False,False,True,False,True,False,0,0.021197616200505632,0
153.38,346,16,0,44,0.017648177951279514,False,False,False,False,False,False,False,False,False,True,False,False,False,False,False,False,True,0,0.025169199476014693,0
6.13,899,16,0,25,0.843361879992803,False,False,False,False,False,False,False,False,False,False,False,True,False,False,False,False,True,0,0.016132308973978982,0
2.57,128,8,3,74,0.49274098122745535,False,False,False,False,False,False,False,False,False,False,False,False,False,True,True,False,False,0,0.026362518856450558,0
3.41,308,3,5,61,0.8033665034615334,False,False,False,False,False,False,False,False,False,False,True,False,False,True,False,False,False,0,0.07019517181891367,0
183.3,27971,18,0,36,0.5328593985743358,False,False,False,False,False,False,False,False,False,False,True,False,False,False,False,True,False,0,0.01764090459888786,0
42.68,84106,20,2,49,1.2917365027318886,False,False,False,False,False,False,False,False,False,False,False,True,False,False,False,True,False,0,0.03955336328209426,0
2.24,1595797,12,6,44,0.5007028877607953,False,False,False,False,False,False,False,False,False,False,True,False,False,True,False,False,True,0,0.02820929154671364,0
4.34,1190,22,3,72,0.7259175079111992,False,False,False,False,True,False,False,False,False,False,False,False,False,False,False,True,False,0,0.24309012098244243,0
142.42,33804,21,6,29,0.4097800062594493,False,False,False,False,False,False,False,False,False,False,False,False,False,True,False,True,False,0,0.05226277772329735,0
77.28,333497,10,1,52,0.605318646210401,False,True,False,False,False,False,False,False,False,False,False,False,False,True,True,False,False,0,0.021238132038421762,0
35.11,26551,23,5,43,0.5132027601796341,False,False,False,False,False,True,False,False,False,False,False,False,False,False,False,True,False,0,0.14988407797624015,0
71.97,124967,20,5,39,0.93310449566648,False,False,False,False,False,False,False,False,False,False,False,False,False,True,False,True,False,0,0.03217612085362859,0
12.79,124967,19,0,39,0.36006715433791187,False,False,False,False,True,False,False,False,False,False,False,False,False,True,False,True,False,0,0.06558704221078786,0
50.35,864,14,0,78,0.6634423994899633,False,False,False,False,True,False,False,False,False,False,False,False,False,True,False,False,True,0,0.011405568316882997,0
14.51,215,12,6,51,0.7987235628983311,False,False,False,False,False,True,False,False,False,False,False,False,False,False,False,False,True,0,0.03246580881639976,0
73.91,602,1,1,66,1.2410832971384347,False,True,False,False,False,False,False,False,False,False,False,False,False,False,False,False,False,0,0.10611431690120036,0
9.93,194500,13,3,29,0.7355684071328765,False,False,False,False,False,False,False,False,False,False,False,False,True,True,False,False,True,0,0.0546389520982511,0
142.19,969,21,1,66,0.9092304216121421,False,False,False,False,False,False,False,False,False,False,False,False,False,False,False,True,False,0,0.05131875630800676,0
22.05,333497,19,3,52,0.16279448945218764,False,False,False,False,True,False,False,False,False,False,False,False,False,True,False,True,False,0,0.09205451482998182,0
57.74,2054,11,4,56,0.13092979517284106,False,True,False,False,False,False,False,False,False,False,False,False,False,False,True,False,False,0,0.04579131599459195,0
9.24,4677,15,1,65,0.5944906937917513,False,False,False,False,False,True,False,False,False,False,False,False,False,True,False,False,True,0,0.013792036682484025,0
51.98,7155,1,3,43,0.42347288648153325,False,False,True,False,False,False,False,False,False,False,False,False,False,False,False,False,False,0,0.165927359355477,0
10.97,2906700,14,1,35,0.7426309962733866,False,False,False,False,True,False,False,False,False,False,False,False,False,False,False,False,True,0,0.03003497082451562,0
4.83,320,12,4,59,0.7986082836265798,False,False,False,False,False,False,False,False,False,False,False,False,False,False,False,False,True,0,0.0602255363854825,0
102.9,177,6,0,46,1.0304304493933618,False,False,False,True,False,False,False,False,False,False,False,False,False,True,True,False,False,0,0.00991761098689179,0
19.89,9165,13,3,57,0.7077139109852227,False,False,False,False,False,False,True,False,False,False,False,False,False,True,False,False,True,0,0.050707898870706494,0
22.16,2401,22,1,48,0.9670977134628116,False,False,False,False,False,False,False,False,False,False,True,False,False,False,False,True,False,0,0.20615574455937694,0
69.1,743,6,1,48,0.9435180541367599,False,False,True,False,False,False,False,False,False,False,False,False,False,False,True,False,False,0,0.008762660315159647,0
58.3,14783,4,4,64,0.5356012175499578,False,False,False,True,False,False,False,False,False,False,False,False,False,True,False,False,False,0,0.04235296014731584,0
54.95,1583,7,0,21,0.3799072190746054,False,True,False,False,False,False,False,False,False,False,False,False,False,False,True,False,False,0,0.013779532378805985,0
98.88,1507,4,3,27,0.8618815042278167,False,False,False,True,False,False,False,False,False,False,False,False,False,True,False,False,False,0,0.02405071138921344,0
108.96,1443,8,4,58,0.8882447068966964,False,False,False,True,False,False,False,False,False,False,False,False,False,False,True,False,False,0,0.021667659839614446,0
86.22,795,19,3,34,0.8842106497096669,False,False,False,False,False,True,False,False,False,False,False,False,False,True,False,True,False,0,0.020543667779439254,0
131.98,137,10,2,53,1.2162379345177519,False,False,False,True,False,False,False,False,False,False,False,False,False,True,True,False,False,0,0.016969414930778522,0
52.68,864,16,0,78,0.7655989467717355,False,False,False,False,False,False,True,False,False,False,False,False,False,True,False,False,True,0,0.010024909447265064,0
9.68,1078,10,1,68,0.6237009404289766,False,False,False,False,False,False,False,True,False,False,False,False,False,False,True,False,False,0,0.02055300893154072,0
48.65,241,15,0,39,1.0017343652011692,False,False,False,False,True,False,False,False,False,False,False,False,False,False,False,False,True,0,0.013997405428271612,0
58.65,24645,3,0,54,0.7466449869462767,False,True,False,False,False,False,False,False,False,False,False,False,False,False,False,False,False,0,0.11976948748496714,0
62.95,313,9,2,44,1.0074419672938941,False,False,True,False,False,False,False,False,False,False,False,False,False,False,True,False,False,0,0.01042018646656423,0
5.65,606,19,2,32,1.0963269672561096,False,False,False,False,False,False,False,False,False,False,False,False,True,False,False,True,False,0,0.09586896506223294,0
188.77,18128,2,3,29,1.3913860865633187,False,False,False,True,False,False,False,False,False,False,False,False,False,False,False,False,False,0,0.0680831370185138,0
9.86,184,15,4,74,0.9906941494538059,True,False,False,False,False,False,False,False,False,False,False,False,False,False,False,False,True,0,0.03786312053005634,0
119.05,46,4,3,33,0.48178730325839136,False,False,False,True,False,False,False,False,False,False,False,False,False,False,False,False,False,0,0.01693256448143605,0
6.77,7430,8,1,65,0.7104773112499707,False,False,False,False,False,False,False,False,True,False,False,False,False,True,True,False,False,0,0.01853306540429713,0
35.17,5451,18,2,58,0.6823034350551105,False,False,False,False,False,True,False,False,False,False,False,False,False,True,False,True,False,0,0.021590813899053117,0
865.11,841711,23,3,57,1.1894213045292195,False,False,False,False,False,False,False,False,False,False,False,True,False,True,False,True,False,1,0.9280777730392548,1
41.17,337,21,6,65,0.7991092128226178,False,False,False,False,False,False,False,False,False,True,False,False,False,False,False,True,False,0,0.06505193132933373,0
77.95,85,5,1,36,0.968797927074582,False,False,True,False,False,False,False,False,False,False,False,False,False,False,False,False,False,0,0.027530896534921166,0
9.79,5901,10,1,48,0.6061768338339938,False,False,False,False,False,False,False,True,False,False,False,False,False,True,True,False,False,0,0.030578390158986116,0
106.25,4367,8,6,58,0.9867179067200583,False,False,False,True,False,False,False,False,False,False,False,False,False,True,True,False,False,0,0.016259960406697117,0
32.42,15269,0,3,27,0.921296006699796,False,False,False,True,False,False,False,False,False,False,False,False,False,True,False,False,False,0,0.07298422918466425,0
12.03,222,16,4,57,0.760859682866691,False,False,False,False,False,False,True,False,False,False,False,False,False,False,False,False,True,0,0.05272883024566207,0
190.42,16183,4,3,42,1.1391052355599047,False,False,False,True,False,False,False,False,False,False,False,False,False,False,False,False,False,0,0.030258626047147637,0
61.94,11256,21,5,47,0.5019777126307486,False,False,False,False,False,False,False,False,False,False,False,False,False,False,False,True,False,0,0.06710934323547087,0
67.47,263,1,3,64,1.0479008150173423,False,True,False,False,False,False,False,False,False,False,False,False,False,False,False,False,False,0,0.10466184756888731,0
3.01,1089,23,0,49,0.3729006478943198,False,False,False,False,False,False,False,False,False,False,True,False,False,False,False,True,False,0,0.06733500505461464,0
38.4,551,20,1,50,0.47768004958339827,False,False,False,False,False,False,False,False,False,True,False,False,False,False,False,True,False,0,0.05239675883851483,0
4.97,153,6,0,58,0.708257773972864,False,False,False,False,False,False,False,False,False,False,False,True,False,True,True,False,False,0,0.013846029128327443,0
963.37,2471,23,3,54,0.5289239336558667,False,False,False,False,False,False,False,False,False,False,True,False,False,True,False,True,False,1,0.9938556399507261,1
174.7,321490,17,0,28,0.7626371320320098,True,False,False,False,False,False,False,False,False,False,False,False,False,True,False,False,True,0,0.01574014980512763,0
68.17,932,23,2,65,0.21647608796585052,False,False,False,False,False,False,True,False,False,False,False,False,False,False,False,True,False,0,0.19399218025626896,0
8.01,18760,19,0,87,0.8937381894318959,False,False,False,False,False,False,False,False,False,True,False,False,False,True,False,True,False,0,0.08395917633100032,0
13.03,248,17,4,52,0.806753522410659,True,False,False,False,False,False,False,False,False,False,False,False,False,False,False,False,True,0,0.044096933866192595,0
50.88,606,15,5,31,1.044290551935136,False,False,False,False,False,False,True,False,False,False,False,False,False,False,False,False,True,0,0.02442461957730098,0
53.55,1526206,18,1,35,0.132844405395941,False,False,False,False,False,False,False,False,False,False,False,False,False,False,False,True,False,0,0.03055465852331933,0
226.21,2644,21,4,39,0.8560089812665531,False,False,False,False,False,False,False,False,False,False,False,False,False,True,False,True,False,0,0.1452538804802971,0
166.77,1595797,18,0,24,0.29200832725455095,False,False,False,False,False,False,False,False,False,False,False,False,False,True,False,True,False,0,0.030343472091123366,0
197.76,13973,2,1,39,0.3018104139770492,False,False,False,True,False,False,False,False,False,False,False,False,False,False,False,False,False,0,0.07095960580537902,0
62.65,71335,11,4,26,0.7238018712175395,False,True,False,False,False,False,False,False,False,False,False,False,False,True,True,False,False,0,0.01992912650936213,0
144.21,320,8,1,59,1.0273563669365096,False,False,False,True,False,False,False,False,False,False,False,False,False,False,True,False,False,0,0.008096815939280166,0
99.04,1679,9,4,34,1.283332324502114,False,True,False,False,False,False,False,False,False,False,False,False,False,False,True,False,False,0,0.030331808686141125,0
120.12,6841,23,0,21,0.8173580336095071,True,False,False,False,False,False,False,False,False,False,False,False,False,False,False,True,False,0,0.4314923619436907,0
81.57,51,16,5,60,0.8440843602750779,False,False,False,False,True,False,False,False,False,False,False,False,False,False,False,False,True,0,0.032769061031703,0
50.2,21902,15,1,40,0.4578592752036438,False,False,False,False,False,True,False,False,False,False,False,False,False,False,False,False,True,0,0.011667229646535835,0
7.4,75830,23,4,45,0.9730807163200738,False,False,False,False,False,False,False,False,False,False,True,False,False,True,False,True,False,0,0.13150696488836733,0
53.76,6951,16,5,35,0.6118610543947044,False,False,False,False,False,False,False,False,False,False,True,False,False,False,False,False,True,0,0.014191821467705286,0
64.84,1565,0,5,52,0.7339682071833927,False,True,False,False,False,False,False,False,False,False,False,False,False,True,False,False,False,0,0.1557077004432711,0
36.77,321490,3,1,28,1.0584341616293307,False,False,False,True,False,False,False,False,False,False,False,False,False,True,False,False,False,0,0.07627288566836463,0
56.91,928,19,6,35,0.6774723400412744,False,False,False,False,False,False,True,False,False,False,False,False,False,True,False,True,False,0,0.022621324866179182,0
121.52,653,3,1,54,0.48267138030859624,False,False,False,True,False,False,False,False,False,False,False,False,False,True,False,False,False,0,0.06942693240589852,0
3.01,2368,15,2,31,0.43777710789853186,False,False,False,False,False,False,False,False,True,False,False,False,False,False,False,False,True,0,0.03043574140923316,0
60.82,38912,11,4,59,0.8865339672330675,False,True,False,False,False,False,False,False,False,False,False,False,False,True,True,False,False,0,0.01867881518127352,0
624.21,2906700,13,0,35,0.7925226990364362,False,False,False,False,False,False,False,False,False,False,True,False,False,False,False,False,True,0,0.15099577584871077,0
46.06,724,5,6,24,0.71440504914509,False,True,False,False,False,False,False,False,False,False,False,False,False,False,False,False,False,0,0.0677068338511685,0
157.7,1512,23,2,17,0.8629548765242631,False,False,False,False,False,False,False,True,False,False,False,False,False,True,False,True,False,0,0.1339286007433548,0
13.15,190178,14,1,47,0.39112828047203624,False,False,False,False,False,False,False,False,False,True,False,False,False,True,False,False,True,0,0.02895031402009716,0
79.68,53,23,5,47,0.8807051184136538,False,False,False,False,False,False,True,False,False,False,False,False,False,False,False,True,False,0,0.2239927776451708,0
45.95,3096,13,6,44,0.6813359339195293,True,False,False,False,False,False,False,False,False,False,False,False,False,True,False,False,True,0,0.016257966700178705,0
4.33,344,4,1,53,0.5357927056483688,False,False,False,False,False,False,False,False,False,False,False,True,False,False,False,False,False,0,0.043665479851921166,0
45.72,71335,19,1,26,0.977753385393787,False,False,False,False,False,True,False,False,False,False,False,False,False,True,False,True,False,0,0.015798453029712427,0
1.64,2456,12,3,26,1.0933056824351575,False,False,False,False,False,False,False,True,False,False,False,False,False,False,False,False,True,0,0.020293561232840658,0
21.07,1228,15,4,29,1.0522538427133326,False,False,False,False,False,False,False,False,False,True,False,False,False,False,False,False,True,0,0.06618474678553753,0
36.39,35371,16,1,32,0.8019206928431323,False,False,False,False,False,False,False,False,False,False,False,True,False,False,False,False,True,0,0.01890636014898695,0
8.99,35439,18,1,35,0.5356023816461243,False,False,False,False,False,False,False,False,False,False,False,True,False,True,False,True,False,0,0.04533500828915605,0
5.83,67082,14,6,57,0.709118774695043,False,False,False,False,False,False,False,False,False,True,False,False,False,False,False,False,True,0,0.04517954857818455,0
78.11,504,18,1,40,0.7352720629134456,False,False,False,False,False,False,True,False,False,False,False,False,False,False,False,True,False,0,0.035109220354982464,0
213.33,299480,6,1,35,0.9488472021922245,False,False,False,True,False,False,False,False,False,False,False,False,False,False,True,False,False,0,0.009420177048749983,0
14.21,28425,20,2,20,0.6813681065283191,False,False,False,False,False,False,False,False,True,False,False,False,False,False,False,True,False,0,0.10906880583840663,0
3.9,33917,17,1,43,0.5809824751823383,False,False,False,False,False,False,False,False,False,False,False,False,True,True,False,False,True,0,0.04166288101847233,0
47.6,825,23,5,28,0.8276395070911036,False,False,False,False,False,False,True,False,False,False,False,False,False,True,False,True,False,0,0.16872070322641214,0
31.54,308,23,1,61,0.6615288830829739,True,False,False,False,False,False,False,False,False,False,False,False,False,True,False,True,False,0,0.1875155306471446,0
88.81,3430,3,3,70,0.6409729200403057,False,False,False,True,False,False,False,False,False,False,False,False,False,False,False,False,False,0,0.09288347000221717,0
74.24,31515,5,1,49,0.7268716105510018,False,False,False,True,False,False,False,False,False,False,False,False,False,True,False,False,False,0,0.028622886256507468,0
2.66,509,23,2,40,0.5687539504926536,True,False,False,False,False,False,False,False,False,False,False,False,False,False,False,True,False,0,0.13787925832480824,0
79.33,5848,21,0,39,0.939206107299671,False,False,False,False,False,False,False,False,False,False,False,False,False,True,False,True,False,0,0.029019343332785975,0
3.65,191096,4,6,56,1.2055600222655813,False,False,False,False,False,False,False,False,False,False,True,False,False,False,False,False,False,0,0.03979888890580098,0
50.42,502,1,3,60,0.21362087207245656,False,True,False,False,False,False,False,False,False,False,False,False,False,False,False,False,False,0,0.12849833243313868,0
5.97,92985,1,6,52,0.8713576353122645,False,False,False,False,False,False,False,False,True,False,False,False,False,False,False,False,False,0,0.18496663403334682,0
47.0,817312,3,0,16,0.9972952295694497,False,True,False,False,False,False,False,False,False,False,False,False,False,True,False,False,False,0,0.09603492897369298,0
62.59,59744,3,6,36,1.1387771687182722,False,True,False,False,False,False,False,False,False,False,False,False,False,False,False,False,False,0,0.11685988084048358,0
18.66,589,13,0,74,0.49419155741978427,False,False,False,False,False,True,False,False,False,False,False,False,False,True,False,False,True,0,0.011959533449898068,0
104.18,824,10,2,45,0.8322116560875584,False,False,False,True,False,False,False,False,False,False,False,False,False,True,True,False,False,0,0.010592517226961496,0
5.24,222785,20,0,64,0.5703357019975095,False,False,False,False,False,False,False,False,False,True,False,False,False,False,False,True,False,0,0.062423377772778774,0
3.82,7987,0,0,56,0.4295369621464581,False,False,False,False,False,False,False,False,True,False,False,False,False,True,False,False,False,0,0.17894738914466254,0
9.04,4913,5,1,54,0.9277157706905734,False,False,False,False,False,False,False,False,False,False,False,True,False,False,False,False,False,0,0.0778247161020049,0
8.09,28425,12,1,20,0.5652053140841852,False,False,False,False,False,False,True,False,False,False,False,False,False,False,False,False,True,0,0.031165549816999996,0
96.46,1654,7,1,29,1.228946939805373,False,False,False,True,False,False,False,False,False,False,False,False,False,True,True,False,False,0,0.01345904304451268,0
84.93,3430,1,4,70,1.0745543939252211,False,True,False,False,False,False,False,False,False,False,False,False,False,False,False,False,False,0,0.1349178061025809,0
5.57,3202,21,6,22,0.7820715298264009,False,False,False,False,False,False,False,True,False,False,False,False,False,True,False,True,False,0,0.042465068875310395,0
83.72,134056,18,2,64,1.0273524416012227,False,False,False,False,True,False,False,False,False,False,False,False,False,True,False,True,False,0,0.029448403528912034,0
148.13,224256,19,4,35,0.8006673464804177,False,False,False,False,False,False,False,False,False,True,False,False,False,False,False,True,False,0,0.0521678683839527,0
72.64,1512,10,4,17,0.8777983785779014,False,True,False,False,False,False,False,False,False,False,False,False,False,True,True,False,False,0,0.02088253653340887,0
5.74,2456,14,4,26,0.2602570279646674,False,False,False,False,False,False,False,False,True,False,False,False,False,False,False,False,True,0,0.0343176950406953,0
2.77,1363,3,5,80,0.32016171624040846,False,False,False,False,False,False,False,False,False,False,False,True,False,False,False,False,False,0,0.08618255080687488,0
40.48,346,13,0,43,0.5949129963187819,False,False,False,False,False,False,False,False,False,True,False,False,False,False,False,False,True,0,0.01523892458319005,0
27.67,1526206,20,1,35,0.193157681558359,False,False,False,False,False,False,True,False,False,False,False,False,False,False,False,True,False,0,0.02550420365314293,0
593.2,168,18,6,42,1.1816600088168283,False,False,False,False,False,False,False,False,False,False,False,False,True,True,False,True,False,0,0.0928151543634674,0
177.94,7155,9,1,43,0.18484459921783447,False,False,False,True,False,False,False,False,False,False,False,False,False,False,True,False,False,0,0.011573809256881517,0
2.47,427,2,1,69,1.11104513158736,False,False,False,False,False,False,False,False,False,False,False,True,False,False,False,False,False,0,0.06760436323444584,0
159.23,493806,20,6,40,0.6734090976768786,False,False,False,False,False,False,False,False,False,True,False,False,False,True,False,True,False,0,0.039243661522554235,0
40.39,526,21,5,79,0.8185014550078746,True,False,False,False,False,False,False,False,False,False,False,False,False,False,False,True,False,0,0.06103942625750456,0
26.05,13835,21,1,53,0.8223381031504028,False,False,False,False,False,False,True,False,False,False,False,False,False,True,False,True,False,0,0.019567569746182113,0
77.8,286,18,3,31,0.9811293448006773,False,False,False,False,False,False,False,False,False,False,False,False,False,True,False,True,False,0,0.036062191470681175,0
6.28,73,0,1,85,0.9743704073113015,False,False,False,False,False,False,False,False,True,False,False,False,False,False,False,False,False,0,0.13502671971185914,0
29.37,647,13,3,33,0.897761741822965,False,False,False,False,False,False,True,False,False,False,False,False,False,False,False,False,True,0,0.02259774806704006,0
76.98,6713,11,0,74,1.2497606674495798,False,False,False,True,False,False,False,False,False,False,False,False,False,False,True,False,False,0,0.007746599059733142,0
1.59,606,19,0,32,0.6289317511980125,False,False,False,False,False,False,False,False,False,True,False,False,False,False,False,True,False,0,0.06393527549624121,0
100.39,2135,17,1,16,0.9782809765880105,False,False,False,False,False,False,False,False,False,False,False,False,False,False,False,False,True,0,0.01148511432355523,0
92.99,1504,1,0,27,0.5076104801321586,False,False,False,True,False,False,False,False,False,False,False,False,False,True,False,False,False,0,0.05958622919340685,0
123.09,1075,21,6,23,0.8894528496603953,False,False,False,False,False,False,True,False,False,False,False,False,False,False,False,True,False,0,0.04802795935374393,0
4.2,3766,14,1,36,0.5693534740124052,False,False,False,False,False,False,False,False,False,False,False,False,False,True,False,False,True,0,0.03368060033492755,0
12.2,1606,13,2,54,0.69160780876231,False,False,False,False,False,False,False,False,False,True,False,False,False,False,False,False,True,0,0.038754095069744636,0
365.75,2526,14,6,49,0.6919083676456015,False,False,False,False,False,False,False,False,False,False,False,True,False,False,False,False,True,0,0.2319605291364658,0
230.05,24840,12,6,60,1.0896920651606143,False,False,False,False,False,True,False,False,False,False,False,False,False,True,False,False,True,0,0.040522062382505226,0
33.12,1807,19,1,45,0.8593175217141852,False,False,False,False,False,False,True,False,False,False,False,False,False,False,False,True,False,0,0.047368205477668575,0
7.4,95035,12,0,33,1.1456263138475813,False,False,False,False,False,False,False,False,False,False,False,True,False,True,False,False,True,0,0.017227963486720906,0
57.73,5341,1,0,25,0.886783663688611,False,True,False,False,False,False,False,False,False,False,False,False,False,True,False,False,False,0,0.14454306770274777,0
103.01,571,12,1,89,1.0083596331835254,False,False,False,False,False,False,False,False,False,False,False,False,False,False,False,False,True,0,0.025650122220804622,0
34.95,5196,21,5,42,0.4850226191271841,False,False,False,False,False,True,False,False,False,False,False,False,False,True,False,True,False,0,0.021299197891930768,0
36.61,320420,20,4,45,0.7270492117772963,True,False,False,False,False,False,False,False,False,False,False,False,False,False,False,True,False,0,0.05372960106631666,0
44.86,34496,5,5,49,0.19548443872850677,False,False,True,False,False,False,False,False,False,False,False,False,False,False,False,False,False,0,0.06799539887832327,0
185.82,413574,11,1,49,1.062842361715984,False,False,False,True,False,False,False,False,False,False,False,False,False,False,True,False,False,0,0.008900571039003987,0
19.65,635,15,0,47,0.9754001401009822,True,False,False,False,False,False,False,False,False,False,False,False,False,False,False,False,True,0,0.030743109256797924,0
141.38,804,8,4,55,0.8208388311215582,False,False,False,True,False,False,False,False,False,False,False,False,False,True,True,False,False,0,0.009714372578198571,0
4.01,2036,21,0,48,0.33242740567679235,False,False,False,False,False,False,False,False,False,False,False,False,True,False,False,True,False,0,0.09676290701296374,0
119.38,1324,11,0,94,1.1451574934658546,False,False,False,True,False,False,False,False,False,False,False,False,False,False,True,False,False,0,0.007030114585901258,0
31.45,111,16,0,20,0.9858929827126246,False,False,False,False,True,False,False,False,False,False,False,False,False,True,False,False,True,0,0.02036390075867695,0
26.45,1563,15,0,42,0.8745016110271023,False,False,False,False,False,False,False,False,False,False,False,False,False,False,False,False,True,0,0.020948573829440383,0
150.32,27971,1,1,36,0.7873027166630414,False,False,False,False,False,False,False,False,True,False,False,False,False,False,False,False,False,0,0.2037293440104869,0
18.26,1909,15,4,66,0.4226346467020923,False,False,False,False,True,False,False,False,False,False,False,False,False,False,False,False,True,0,0.07136393308938109,0
7.34,776,17,5,70,0.6857558193591929,False,False,False,False,False,False,True,False,False,False,False,False,False,True,False,False,True,0,0.03029933540125092,0
15.57,910148,16,0,33,0.5575854867121299,False,False,False,False,True,False,False,False,False,False,False,False,False,True,False,False,True,0,0.04368996855318241,0
57.34,143,15,0,38,0.40857349941595406,False,False,False,False,False,False,True,False,False,False,False,False,False,True,False,False,True,0,0.008938945513725908,0
157.14,258,17,0,59,0.09255816941253808,False,False,False,False,False,False,False,False,False,True,False,False,False,True,False,False,True,0,0.026404417291888152,0
57.31,1312922,21,6,38,0.9000684224179778,False,False,False,False,False,False,False,False,False,True,False,False,False,False,False,True,False,0,0.041326350793564434,0
50.54,46,16,0,33,0.5126189627793696,False,False,False,False,True,False,False,False,False,False,False,False,False,False,False,False,True,0,0.01541080198684252,0
1.83,50835,9,0,34,1.226410166675496,False,False,False,False,False,False,False,True,False,False,False,False,False,False,True,False,False,0,0.014870115810816369,0
26.04,795,1,2,34,1.1692544805481822,False,False,False,False,False,False,False,False,True,False,False,False,False,True,False,False,False,0,0.09712257627169879,0
10.87,4367,19,6,58,0.8610608856062449,False,False,False,False,True,False,False,False,False,False,False,False,False,True,False,True,False,0,0.09413168160075108,0
24.31,1810,17,5,45,0.7898717162735984,False,False,False,False,False,False,False,False,False,True,False,False,False,False,False,False,True,0,0.038304565083994636,0
5.99,4161,10,0,63,1.2502110228829337,False,False,False,False,False,False,False,False,False,False,False,True,False,False,True,False,False,0,0.024210534476451075,0
4.54,8874,21,1,19,0.9199360818067783,False,False,False,False,False,False,False,False,False,False,False,False,True,False,False,True,False,0,0.06460075128597573,0
38.74,397,1,6,88,1.1308742312326234,False,False,False,False,False,False,False,False,False,False,True,False,False,True,False,False,False,0,0.02946629319367492,0
1.42,864,20,4,78,0.9555318901010097,False,False,False,False,False,False,False,False,False,False,False,False,True,True,False,True,False,0,0.06964166285754042,0
69.59,341,14,2,41,0.6262278002404517,False,False,False,False,True,False,False,False,False,False,False,False,False,True,False,False,True,0,0.014694272319906554,0
1.99,63,18,4,51,0.8929606191014275,False,False,False,False,False,False,False,False,False,False,False,False,False,False,False,True,False,0,0.07413701930969809,0
50.86,2092,2,2,58,0.295271543312252,False,True,False,False,False,False,False,False,False,False,False,False,False,True,False,False,False,0,0.16399382471397878,0
3.16,3996,6,0,43,0.4900762754551541,False,False,False,False,False,False,False,True,False,False,False,False,False,True,True,False,False,0,0.022001013084938476,0
76.89,7297,6,6,30,0.9925455636438064,False,True,False,False,False,False,False,False,False,False,False,False,False,True,True,False,False,0,0.014110059993712384,0
127.45,3688,15,4,32,0.5112090215215298,False,False,False,False,False,False,False,False,False,True,False,False,False,False,False,False,True,0,0.031869315529512256,0
117.96,153,1,4,58,0.7021806612261536,False,False,False,True,False,False,False,False,False,False,False,False,False,True,False,False,False,0,0.06252897682787095,0
66.81,493806,6,6,40,0.669845267674557,False,False,False,True,False,False,False,False,False,False,False,False,False,True,True,False,False,0,0.011423193757940679,0
6.77,1334,12,2,33,0.567597899648154,False,False,False,False,False,False,False,False,False,False,True,False,False,False,False,False,True,0,0.017221953798677296,0
3.38,4138,3,5,51,0.5118154197071415,False,False,False,False,False,False,False,False,False,False,False,False,False,True,False,False,False,0,0.24912409300629326,0
20.77,2566,17,6,62,1.0797622334222505,False,False,False,False,True,False,False,False,False,False,False,False,False,False,False,False,True,0,0.07626581823300936,0
17.84,1595797,15,0,25,0.9753671756646334,False,False,False,False,False,True,False,False,False,False,False,False,False,True,False,False,True,0,0.010685309367059262,0
86.29,5354,19,1,55,0.1554234452905995,False,False,False,False,False,False,False,False,False,False,False,False,True,True,False,True,False,0,0.057450420652978486,0
35.0,35439,22,0,35,0.6450466040039236,False,False,False,False,False,False,False,False,False,False,False,False,False,True,False,True,False,0,0.1645063588018231,0
9.55,1684,20,3,26,0.8874682579996855,False,False,False,False,False,False,False,False,False,False,True,False,False,False,False,True,False,0,0.06385947572137374,0
56.85,1078,16,0,67,0.3460104875939425,False,False,False,False,False,True,False,False,False,False,False,False,False,False,False,False,True,0,0.019951653128571407,0
17.13,28739,19,5,20,0.34209284250478034,False,False,False,False,False,True,False,False,False,False,False,False,False,True,False,True,False,0,0.03906882396000796,0
1.49,450,0,0,73,0.25719516545417814,False,False,False,False,False,False,False,False,False,False,False,True,False,True,False,False,False,0,0.08201473811705054,0
254.47,1686,23,0,33,1.005661462708007,False,False,False,False,False,False,False,False,True,False,False,False,False,False,False,True,False,0,0.31355405576030615,0
32.33,16183,21,0,43,0.739073149021806,False,False,False,False,True,False,False,False,False,False,False,False,False,False,False,True,False,0,0.027043218628782822,0
5.37,2836,17,1,35,0.6058505377772616,False,False,False,False,False,False,False,False,False,False,False,False,True,True,False,False,True,0,0.04035464083586393,0
65.12,1858,16,6,36,0.6006521117668568,False,False,False,False,False,True,False,False,False,False,False,False,False,True,False,False,True,0,0.010507424093051788,0
1.3,2916,13,2,85,1.06378387924098,False,False,False,False,False,False,False,False,False,True,False,False,False,True,False,False,True,0,0.02671909052340902,0
72.96,736284,16,4,68,0.8215212765899533,False,False,False,False,False,False,True,False,False,False,False,False,False,False,False,False,True,0,0.02279574194084078,0
10.4,3833,15,2,49,0.9133129575222387,False,False,False,False,False,False,False,False,True,False,False,False,False,True,False,False,True,0,0.05438417934307694,0
42.23,1847,7,0,31,0.418980099014261,False,True,False,False,False,False,False,False,False,False,False,False,False,False,True,False,False,0,0.019162051522692704,0
22.09,35299,6,3,45,0.08134271620740915,False,False,True,False,False,False,False,False,False,False,False,False,False,True,True,False,False,0,0.03553169315854483,0
66.4,459921,23,1,50,0.37904700336633773,False,False,False,False,False,False,True,False,False,False,False,False,False,True,False,True,False,0,0.06561861037841071,0
53.06,134056,12,0,40,0.9852984484434195,False,False,False,False,False,False,False,False,False,True,False,False,False,True,False,False,True,0,0.010191189703696944,0
66.59,3451,2,6,36,1.3104701923218263,False,False,False,True,False,False,False,False,False,False,False,False,False,True,False,False,False,0,0.06681581664440761,0
39.72,1312922,23,5,38,0.5152223520714153,False,False,False,False,False,True,False,False,False,False,False,False,False,False,False,True,False,0,0.10287309116704005,0
10.9,1930,17,1,37,0.9130093199442135,False,False,False,False,False,False,False,False,False,False,True,False,False,False,False,False,True,0,0.028552763785038248,0
279.62,1087,7,6,57,0.5967589118471479,False,False,False,False,False,False,False,False,False,False,False,True,False,True,True,False,False,0,0.17010393345991187,0
47.13,841711,10,3,57,0.7071857748583464,False,True,False,False,False,False,False,False,False,False,False,False,False,True,True,False,False,0,0.02947740094794036,0
64.81,2258,6,5,83,0.917670026818463,False,False,False,False,False,False,False,False,True,False,False,False,False,True,True,False,False,0,0.009153713561133018,0
59.91,653,16,0,54,0.7247163367414766,False,False,False,False,False,False,False,False,False,False,False,False,False,True,False,False,True,0,0.018526100415288793,0
25.74,1563,12,3,42,0.968702690352932,False,False,False,False,False,False,False,False,True,False,False,False,False,False,False,False,True,0,0.0404699930515995,0
28.36,2121,13,6,46,1.2216576700307602,False,False,False,False,False,False,False,False,False,True,False,False,False,False,False,False,True,0,0.020188514342650534,0
1.19,2135,13,6,16,0.9618852186960822,False,False,False,False,False,False,False,False,False,False,False,False,True,False,False,False,True,0,0.0495899263073272,0
76.96,128,5,3,54,1.0107287179421542,False,True,False,False,False,False,False,False,False,False,False,False,False,True,False,False,False,0,0.038698947279689574,0
84.22,23805,12,4,50,1.218496452253357,False,False,False,False,True,False,False,False,False,False,False,False,False,True,False,False,True,0,0.030290509467261285,0
77.77,2872,18,6,33,1.0525690689569966,False,False,False,False,False,False,False,False,False,False,False,False,False,False,False,True,False,0,0.0704226993325422,0
28.34,914,14,4,76,1.300332840423946,False,False,False,False,False,False,True,False,False,False,False,False,False,True,False,False,True,0,0.020732346479938702,0
45.6,589,2,1,74,1.3273293479592727,False,False,True,False,False,False,False,False,False,False,False,False,False,True,False,False,False,0,0.08283878116348112,0
9.14,2078,21,3,57,0.2835616345065039,False,False,False,False,False,False,True,False,False,False,False,False,False,False,False,True,False,0,0.13391323632569696,0
993.55,736284,23,1,68,0.7969868963270309,False,False,False,False,False,False,False,False,False,False,True,False,False,False,False,True,False,1,0.96435242130603,1
97.5,13717,14,4,70,0.9288178415281498,False,False,False,False,False,True,False,False,False,False,False,False,False,False,False,False,True,0,0.029611865636667702,0
81.57,22305,7,5,81,1.2004861915128338,False,True,False,False,False,False,False,False,False,False,False,False,False,False,True,False,False,0,0.024612029573372655,0
94.17,9034,15,6,51,0.7044620476619043,False,False,False,False,False,False,False,False,False,True,False,False,False,True,False,False,True,0,0.015729909366591053,0
54.0,825,16,0,28,0.5768563832436973,True,False,False,False,False,False,False,False,False,False,False,False,False,True,False,False,True,0,0.008268063828549757,0
25.19,42817,14,2,38,0.8385647899792842,False,False,False,False,False,False,False,False,False,True,False,False,False,False,False,False,True,0,0.027548302315949666,0
3.64,1274,20,4,71,1.1759226745092486,False,False,False,False,False,False,False,False,False,False,False,False,True,False,False,True,False,0,0.08321488352455762,0
55.63,158701,15,6,42,1.0917391815713138,False,False,False,False,False,False,True,False,False,False,False,False,False,True,False,False,True,0,0.010471223052632421,0
31.88,397,19,3,88,1.327036391276812,False,False,False,False,False,True,False,False,False,False,False,False,False,True,False,True,False,0,0.029941425468725285,0
111.88,1478,7,3,55,0.9021534684193101,False,False,False,False,False,False,False,False,False,False,True,False,False,False,True,False,False,0,0.023646812439942985,0
212.22,4367,6,6,58,0.8296854309706739,True,False,False,False,False,False,False,False,False,False,False,False,False,True,True,False,False,0,0.03660036344127302,0
198.25,545147,6,5,32,0.39784270368199315,False,False,False,True,False,False,False,False,False,False,False,False,False,False,True,False,False,0,0.013618920019773965,0
57.17,320420,23,3,45,0.8593353572785207,True,False,False,False,False,False,False,False,False,False,False,False,False,False,False,True,False,0,0.2671297202575919,0
13.42,217,14,1,30,1.3241207097662966,False,False,False,False,False,False,True,False,False,False,False,False,False,False,False,False,True,0,0.03046919768811379,0
2.66,7646,17,5,32,0.7286637915534131,False,False,False,False,False,False,False,False,False,False,True,False,False,False,False,False,True,0,0.0176282646747063,0
23.06,34153,14,1,24,0.9930673971211631,False,False,False,False,False,False,True,False,False,False,False,False,False,False,False,False,True,0,0.047638841711989045,0
1.56,276002,12,4,41,0.7202212379158262,True,False,False,False,False,False,False,False,False,False,False,False,False,True,False,False,True,0,0.021410962522987024,0
7.66,14075,12,1,91,0.712398461592943,False,False,False,False,False,False,False,False,False,True,False,False,False,True,False,False,True,0,0.03323024175948475,0
137.3,321,13,1,41,0.8973499754510388,False,False,False,False,False,False,False,False,False,True,False,False,False,False,False,False,True,0,0.012897497272398212,0
21.07,1271,18,6,62,0.5050305010838487,False,False,False,False,True,False,False,False,False,False,False,False,False,False,False,True,False,0,0.12748256965987242,0
20.37,653,23,3,54,1.126077740444692,False,False,False,False,True,False,False,False,False,False,False,False,False,True,False,True,False,0,0.46327781936932233,0
84.47,24645,11,0,54,1.1789384317529041,False,True,False,False,False,False,False,False,False,False,False,False,False,False,True,False,False,0,0.018238663161873225,0
1.62,519,8,4,54,0.8671038614998757,False,False,False,False,False,False,False,False,False,False,False,True,False,True,True,False,False,0,0.014560207548175204,0
3.36,76383,17,6,35,0.48594762863605406,False,False,False,False,False,False,False,False,True,False,False,False,False,True,False,False,True,0,0.04348254739653804,0
1.07,888,20,1,32,0.45280695271274407,False,False,False,False,False,False,False,False,False,False,False,True,False,False,False,True,False,0,0.03304595806973354,0
55.0,1684,10,1,26,0.5322380555822779,False,False,True,False,False,False,False,False,False,False,False,False,False,False,True,False,False,0,0.010235926705388778,0
40.04,3996,4,0,43,1.2496273091005916,False,False,True,False,False,False,False,False,False,False,False,False,False,True,False,False,False,0,0.0348917379861858,0
49.38,4542,17,6,22,0.9465213295626302,False,False,False,False,False,False,True,False,False,False,False,False,False,False,False,False,True,0,0.024054449528302376,0
96.62,1490,4,1,29,0.44317235585829656,False,False,False,True,False,False,False,False,False,False,False,False,False,False,False,False,False,0,0.018685094694511798,0
61.69,765,21,1,48,1.0539140353985277,False,False,False,False,True,False,False,False,False,False,False,False,False,False,False,True,False,0,0.041877171097206824,0
41.55,9594,10,2,23,0.666673305691769,False,True,False,False,False,False,False,False,False,False,False,False,False,False,True,False,False,0,0.01889535094670249,0
7.22,680,11,1,53,0.5626702108091372,False,False,False,False,False,False,False,False,True,False,False,False,False,True,True,False,False,0,0.024436601864150594,0
70.92,331,10,2,70,0.8610263652926151,False,True,False,False,False,False,False,False,False,False,False,False,False,False,True,False,False,0,0.011171333396253855,0
6.32,828,14,2,63,0.5552588050125821,False,False,False,False,False,False,False,False,False,False,False,False,True,True,False,False,True,0,0.03446167061588626,0
98.4,77,8,0,30,0.9583324532003525,False,True,False,False,False,False,False,False,False,False,False,False,False,False,True,False,False,0,0.00635277868560205,0
51.61,847,0,1,24,0.4898558336419,False,False,False,True,False,False,False,False,False,False,False,False,False,False,False,False,False,0,0.05529653868436737,0
12.35,118,0,2,63,0.5487586294583451,False,False,False,False,False,False,False,False,False,False,False,True,False,False,False,False,False,0,0.12329242826855148,0
2.31,3833,21,3,49,0.9418569604950754,False,False,False,False,False,False,False,False,False,False,False,True,False,True,False,True,False,0,0.05186234359986661,0
84.19,3805,0,1,70,0.9235755367765065,False,False,False,True,False,False,False,False,False,False,False,False,False,False,False,False,False,0,0.09845704110483193,0
43.26,198,13,2,42,1.063980109766159,False,False,False,False,False,False,True,False,False,False,False,False,False,True,False,False,True,0,0.01772921803713045,0
4.77,836,1,5,39,0.6412857723862199,False,False,False,False,False,False,False,True,False,False,False,False,False,False,False,False,False,0,0.1315314269655459,0
3.9,14742,12,2,27,0.5255979925323147,False,False,False,False,False,False,False,False,False,False,True,False,False,True,False,False,True,0,0.016601289882564138,0
60.38,1970,2,3,35,1.2947772383468066,False,True,False,False,False,False,False,False,False,False,False,False,False,False,False,False,False,0,0.17728685581349,0
66.65,6284,20,3,84,0.5863098968062913,False,False,False,False,True,False,False,False,False,False,False,False,False,True,False,True,False,0,0.03891549376689596,0
15.14,673342,5,6,73,0.2370315990284794,False,False,False,False,False,False,False,False,True,False,False,False,False,True,False,False,False,0,0.12602345614825386,0
4.18,54287,17,6,48,0.6149853086651699,False,False,False,False,False,False,False,False,False,True,False,False,False,False,False,False,True,0,0.05060201419961775,0
74.36,641,14,0,27,0.8346581817079379,True,False,False,False,False,False,False,False,False,False,False,False,False,True,False,False,True,0,0.005031137262189848,0
80.53,28278,20,6,43,0.9032847916631941,True,False,False,False,False,False,False,False,False,False,False,False,False,True,False,True,False,0,0.03146029031414867,0
69.58,2202,0,3,46,0.314670000873934,False,True,False,False,False,False,False,False,False,False,False,False,False,True,False,False,False,0,0.15729329588762597,0
33.71,530,2,2,31,1.3118326928461699,False,True,False,False,False,False,False,False,False,False,False,False,False,False,False,False,False,0,0.130778428073777,0
2.16,18408,14,6,48,1.2234348743059433,False,False,False,False,False,False,False,False,False,True,False,False,False,True,False,False,True,0,0.025442120827433037,0
74.15,6951,16,2,35,0.9235115194733582,True,False,False,False,False,False,False,False,False,False,False,False,False,False,False,False,True,0,0.024889077343883764,0
4.1,1196,8,0,62,0.7509290940295262,False,False,False,False,False,False,False,True,False,False,False,False,False,True,True,False,False,0,0.009821862687257849,0
4.46,129,1,1,54,0.7592112855674631,False,False,False,False,False,False,False,False,False,False,False,True,False,True,False,False,False,0,0.07084954883397232,0
108.76,5901,14,1,48,0.7329390663383916,False,False,False,False,False,False,False,False,False,False,True,False,False,True,False,False,True,0,0.02482733947354153,0
7.01,1789,13,1,38,1.0078354429335077,False,False,False,False,False,False,False,False,False,False,False,True,False,False,False,False,True,0,0.014269153657773922,0
94.36,1595797,18,1,24,1.0333463968703809,False,False,False,True,False,False,False,False,False,False,False,False,False,True,False,True,False,0,0.007933016210054707,0
92.59,34153,11,6,24,0.9282452804022124,False,True,False,False,False,False,False,False,False,False,False,False,False,False,True,False,False,0,0.026719788778496914,0
4.75,73,10,1,85,1.188237456554881,False,False,False,False,False,False,False,False,False,False,True,False,False,False,True,False,False,0,0.009986999604699209,0
76.43,42384,15,1,27,1.2758869110324844,False,False,False,False,False,False,False,False,False,False,False,False,False,False,False,False,True,0,0.01838206799799144,0
77.28,1725,0,3,45,1.213493952579081,False,False,True,False,False,False,False,False,False,False,False,False,False,False,False,False,False,0,0.15415382599788172,0
67.81,1526206,6,1,35,1.2086368877082232,False,False,True,False,False,False,False,False,False,False,False,False,False,False,True,False,False,0,0.008368316214796435,0
28.94,5875,19,6,28,1.1943627482791883,False,False,False,False,True,False,False,False,False,False,False,False,False,False,False,True,False,0,0.06052366747251566,0
143.56,2691,0,1,27,0.5157387230846587,False,False,False,False,False,False,False,True,False,False,False,False,False,False,False,False,False,0,0.1313981689529005,0
121.3,94325,18,1,32,0.9452394847994895,False,False,False,False,False,False,False,False,False,False,False,False,False,False,False,True,False,0,0.03489469091784752,0
55.2,20478,8,4,23,1.037354668601345,False,False,False,True,False,False,False,False,False,False,False,False,False,True,True,False,False,0,0.020442912395856293,0
4.64,923,9,0,56,1.2785132756639637,False,False,False,False,False,False,False,False,True,False,False,False,False,True,True,False,False,0,0.015885988889387706,0
60.76,324,3,4,44,0.9987286017832876,False,False,True,False,False,False,False,False,False,False,False,False,False,False,False,False,False,0,0.11735979398297483,0
64.02,1051,4,1,43,1.058601995154453,False,True,False,False,False,False,False,False,False,False,False,False,False,False,False,False,False,0,0.04858809914263575,0
96.5,310,2,5,42,0.8574852650920534,False,False,False,False,False,False,False,True,False,False,False,False,False,False,False,False,False,0,0.07736314333144446,0
175.36,128354,5,5,28,0.22167822390122105,False,False,False,True,False,False,False,False,False,False,False,False,False,False,False,False,False,0,0.02757558530767107,0
6.28,2148,20,0,67,1.0319774381739175,False,False,False,False,False,False,False,False,False,True,False,False,False,False,False,True,False,0,0.06949835502346594,0
12.9,241,19,4,45,0.5330751268780075,False,False,False,False,True,False,False,False,False,False,False,False,False,False,False,True,False,0,0.10252203866802594,0
6.93,663,19,3,51,1.079855978167465,False,False,False,False,True,False,False,False,False,False,False,False,False,True,False,True,False,0,0.06512489294387874,0
76.38,95,21,6,26,0.38715558823035695,False,False,False,False,True,False,False,False,False,False,False,False,False,True,False,True,False,0,0.030400197987330534,0
6.76,5778,16,1,67,0.6801124257488614,False,False,False,False,False,False,False,False,False,False,False,False,True,False,False,False,True,0,0.11285580836850582,0
77.38,5778,7,1,67,1.2858359483608308,False,False,False,True,False,False,False,False,False,False,False,False,False,False,True,False,False,0,0.019192755408378216,0
3.76,100,15,6,46,0.06938258940829625,False,False,False,False,False,False,False,False,False,False,False,False,True,False,False,False,True,0,0.05784393746494762,0
38.64,493,1,0,79,0.7998864326915467,False,True,False,False,False,False,False,False,False,False,False,False,False,False,False,False,False,0,0.12254976867395802,0
6.52,124967,23,3,39,0.8661838755425999,False,False,False,False,False,False,False,False,False,False,True,False,False,True,False,True,False,0,0.09942543173554917,0
60.11,2501,11,1,34,0.11437284954919599,False,False,True,False,False,False,False,False,False,False,False,False,False,True,True,False,False,0,0.007098961930806335,0
70.93,11751,3,2,56,0.5624057912806303,False,True,False,False,False,False,False,False,False,False,False,False,False,False,False,False,False,0,0.1250454293098349,0
148.3,1666,2,5,52,1.0494950618931065,False,False,False,True,False,False,False,False,False,False,False,False,False,True,False,False,False,0,0.08717371196852548,0
88.57,1512,21,3,17,0.6864760188010944,False,False,False,False,False,False,False,False,True,False,False,False,False,True,False,True,False,0,0.05205055918567869,0
56.6,348,21,5,75,0.27909884879733904,False,False,False,False,False,False,False,False,False,False,False,False,False,True,False,True,False,0,0.046964294571964965,0
91.9,632,10,5,31,1.0504770367580645,False,False,False,False,False,False,False,False,False,False,True,False,False,True,True,False,False,0,0.003314659468026625,0
65.57,3032,20,3,56,0.9998894068470766,False,False,False,False,False,False,False,False,False,True,False,False,False,True,False,True,False,0,0.04891599161744156,0
81.77,17047,2,0,85,1.0219738053986496,False,False,False,True,False,False,False,False,False,False,False,False,False,False,False,False,False,0,0.07950735807637631,0
42.21,123373,21,3,27,0.3915831607947437,True,False,False,False,False,False,False,False,False,False,False,False,False,False,False,True,False,0,0.0452851378471587,0
1.49,647,18,2,32,0.08188304821510825,False,False,False,False,False,False,False,False,False,False,False,True,False,False,False,True,False,0,0.038456276594580174,0
151.69,6508,17,6,39,0.6301446430812477,False,False,False,False,False,False,False,False,False,False,False,False,False,False,False,False,True,0,0.042611354324813534,0
32.51,355,10,2,65,1.3323148245084517,False,False,False,False,False,False,False,True,False,False,False,False,False,False,True,False,False,0,0.008863253230961295,0
281.16,471,5,6,79,0.6050748174895442,False,False,False,False,False,False,False,True,False,False,False,False,False,True,False,False,False,0,0.2539685879010788,0
24.37,2303,10,1,33,0.748159842539686,False,False,True,False,False,False,False,False,False,False,False,False,False,False,True,False,False,0,0.012577265232442873,0
1.22,413574,19,0,49,1.159169737773549,False,False,False,False,False,False,False,False,False,False,True,False,False,False,False,True,False,0,0.027918086335096213,0
2.37,571,4,5,89,0.6600042081335522,False,False,False,False,False,False,False,False,False,False,True,False,False,False,False,False,False,0,0.046803675307145826,0
95.19,13983,1,3,40,0.8570027359174522,False,False,False,False,False,False,False,False,True,False,False,False,False,False,False,False,False,0,0.17831995571935294,0
92.16,1970,15,1,35,0.9388675729760849,True,False,False,False,False,False,False,False,False,False,False,False,False,False,False,False,True,0,0.02056138681853867,0
1.56,3202,12,5,22,0.9315815882648112,False,False,False,False,False,False,False,True,False,False,False,False,False,True,False,False,True,0,0.01984763277156226,0
52.55,1897,22,5,67,0.6631854171052092,False,False,False,False,False,False,True,False,False,False,False,False,False,True,False,True,False,0,0.19983898175501197,0
96.87,99,2,4,34,0.5579329265395556,False,False,False,True,False,False,False,False,False,False,False,False,False,True,False,False,False,0,0.0487063924253042,0
76.79,1288,5,5,84,0.27002686139900417,False,True,False,False,False,False,False,False,False,False,False,False,False,False,False,False,False,0,0.049273937958359285,0
25.72,519,9,1,54,0.32196795747403323,False,False,True,False,False,False,False,False,False,False,False,False,False,True,True,False,False,0,0.005971026326234726,0
8.28,31394,16,4,23,0.3558101654660769,False,False,False,False,False,False,False,True,False,False,False,False,False,False,False,False,True,0,0.04126090301725172,0
64.36,2807,19,4,89,0.8806402331145161,False,False,False,False,False,True,False,False,False,False,False,False,False,False,False,True,False,0,0.02565596573639463,0
4.1,2836,15,3,34,0.8457213583893955,False,False,False,False,False,False,False,False,False,True,False,False,False,True,False,False,True,0,0.033298189064419344,0
64.96,124967,23,4,39,0.34946621294339386,False,False,False,False,False,True,False,False,False,False,False,False,False,True,False,True,False,0,0.05525857607943504,0
109.93,2691,14,6,26,0.6814100694060785,False,False,False,False,False,False,False,False,False,False,False,False,False,False,False,False,True,0,0.0268461824012675,0
27.55,76,8,5,65,0.6501237709859501,False,False,False,False,False,False,False,False,False,False,True,False,False,True,True,False,False,0,0.003225336305609482,0
103.5,118,16,2,62,0.8349089423889184,False,False,False,False,True,False,False,False,False,False,False,False,False,False,False,False,True,0,0.030026202704957896,0
178.91,2274,15,1,77,1.2995441891067032,False,False,False,False,False,False,True,False,False,False,False,False,False,True,False,False,True,0,0.010232247857865424,0
6.83,7297,0,2,30,0.5595372566844781,False,False,False,False,False,False,False,True,False,False,False,False,False,True,False,False,False,0,0.1881239514800644,0
92.3,1382480,19,1,29,0.5097590652425873,False,False,False,False,False,False,False,False,False,False,False,False,False,True,False,True,False,0,0.019172864325654015,0
150.17,124967,20,4,39,0.9612073640000828,False,False,False,False,True,False,False,False,False,False,False,False,False,True,False,True,False,0,0.033180054099196804,0
96.03,4159,13,6,22,0.8296052201679919,False,False,False,True,False,False,False,False,False,False,False,False,False,True,False,False,True,0,0.004325747706050318,0
7.06,640470,6,3,54,0.7274626683067704,False,False,False,False,False,False,False,False,False,False,False,True,False,True,True,False,False,0,0.023429856034139163,0
15.07,248,15,1,52,0.6697879482716868,False,False,False,False,False,True,False,False,False,False,False,False,False,False,False,False,True,0,0.015187602420611625,0
67.68,964,2,0,45,0.9489791178756242,False,True,False,False,False,False,False,False,False,False,False,False,False,True,False,False,False,0,0.12220003360027908,0
10.92,190249,5,1,43,0.9415621340357706,False,False,False,False,False,False,False,False,True,False,False,False,False,False,False,False,False,0,0.1650408760319695,0
206.76,5908,1,1,58,0.9028244703290836,True,False,False,False,False,False,False,False,False,False,False,False,False,False,False,False,False,0,0.1260164530529163,0
38.62,741,9,4,34,0.3247137812197112,False,False,False,False,False,False,False,False,True,False,False,False,False,True,True,False,False,0,0.005286096242629021,0
204.96,391389,3,6,26,0.9278304989964503,False,False,False,True,False,False,False,False,False,False,False,False,False,False,False,False,False,0,0.0630493205097054,0
38.24,798,13,3,94,0.8568670167937348,False,False,False,False,False,True,False,False,False,False,False,False,False,True,False,False,True,0,0.008148310700976134,0
76.75,407,19,2,42,0.7048631462135028,False,False,False,False,False,False,False,False,False,True,False,False,False,True,False,True,False,0,0.03699026112415973,0
7.8,1789,15,0,38,1.0870710945623554,False,False,False,False,False,False,False,False,False,False,False,False,True,False,False,False,True,0,0.0531611175149786,0
35.1,1700,3,0,18,0.7325780815244248,False,True,False,False,False,False,False,False,False,False,False,False,False,True,False,False,False,0,0.1088022904378503,0
84.16,1261,1,3,48,0.38301524194214176,False,False,False,False,False,False,False,False,False,False,True,False,False,True,False,False,False,0,0.05601213985497117,0
48.29,6469,1,3,41,0.6959551159988675,False,True,False,False,False,False,False,False,False,False,False,False,False,False,False,False,False,0,0.15382673557379753,0
404.45,21134,14,1,36,0.5585958469322806,False,False,False,False,False,False,False,False,False,False,False,True,False,False,False,False,True,0,0.19223211059116824,0
23.28,35439,12,1,35,0.08986075050321049,False,False,False,False,True,False,False,False,False,False,False,False,False,True,False,False,True,0,0.043851168337096125,0
76.57,477,15,0,32,1.0038419977949664,False,False,False,False,False,True,False,False,False,False,False,False,False,True,False,False,True,0,0.00945510798058884,0
63.68,4090,16,1,43,0.8270235613046343,True,False,False,False,False,False,False,False,False,False,False,False,False,False,False,False,True,0,0.021348187333225334,0
123.42,10076,13,6,42,1.2369153876551162,True,False,False,False,False,False,False,False,False,False,False,False,False,False,False,False,True,0,0.06009961994982497,0
116.11,471,11,4,53,1.0117957699501452,False,False,False,True,False,False,False,False,False,False,False,False,False,True,True,False,False,0,0.009682307258637222,0
24.38,1089,15,2,48,0.5404365127283655,False,False,False,False,False,False,True,False,False,False,False,False,False,False,False,False,True,0,0.02827367921523297,0
15.7,757530,8,4,53,0.5500074851863478,False,False,False,False,False,False,False,False,True,False,False,False,False,True,True,False,False,0,0.04637365937020427,0
129.73,105549,13,1,47,0.45627532372680146,False,False,False,False,False,True,False,False,False,False,False,False,False,True,False,False,True,0,0.004807562243996074,0
53.05,10076,23,1,42,0.5895286787943368,True,False,False,False,False,False,False,False,False,False,False,False,False,False,False,True,False,0,0.259895448377712,0
136.29,2135,19,1,16,0.6119976610363836,False,False,False,False,False,False,False,False,False,False,False,True,False,False,False,True,False,0,0.03543475745591636,0
53.11,749635,6,1,47,1.1263954790037138,False,False,True,False,False,False,False,False,False,False,False,False,False,True,True,False,False,0,0.0065142724632171155,0
31.19,346,14,4,43,1.1683512580782398,False,False,False,False,False,False,False,False,False,False,False,True,False,False,False,False,True,0,0.029716943935772247,0
124.91,3279,14,6,42,0.8023320452811289,False,False,False,False,True,False,False,False,False,False,False,False,False,True,False,False,True,0,0.012487905637238941,0
2.64,105549,17,0,46,0.4636034403366714,True,False,False,False,False,False,False,False,False,False,False,False,False,True,False,False,True,0,0.028484081523750208,0
67.07,47249,12,1,39,0.9394516116996093,False,False,False,False,False,True,False,False,False,False,False,False,False,True,False,False,True,0,0.00436363141528392,0
20.83,463,20,0,72,0.6217404044237445,False,False,False,False,False,True,False,False,False,False,False,False,False,True,False,True,False,0,0.03925343321292618,0
50.97,409656,17,0,34,0.3380007500879347,False,False,False,False,False,False,True,False,False,False,False,False,False,True,False,False,True,0,0.01002162828091467,0
68.33,123373,14,0,27,1.253709435242873,True,False,False,False,False,False,False,False,False,False,False,False,False,False,False,False,True,0,0.008969073071059963,0
33.58,50835,15,1,34,0.9744576049823842,False,False,False,False,False,False,False,False,False,False,True,False,False,False,False,False,True,0,0.02091413230179492,0
56.02,3263,14,6,90,1.1035370600618744,False,False,False,False,False,False,True,False,False,False,False,False,False,True,False,False,True,0,0.0076387027993233105,0
43.92,71485,23,2,46,0.5850153537275747,False,False,False,False,False,False,False,False,False,True,False,False,False,False,False,True,False,0,0.281385220698057,0
74.13,1804,16,3,45,0.32996286764573624,False,False,False,False,True,False,False,False,False,False,False,False,False,True,False,False,True,0,0.01756723636139157,0
30.31,71335,17,1,26,0.32096860039729935,False,False,False,False,False,False,False,False,False,False,False,True,False,True,False,False,True,0,0.009969734364043007,0
91.65,229,8,2,37,0.6874026773791237,False,False,False,False,False,False,False,False,False,False,True,False,False,True,True,False,False,0,0.005253484066046633,0
56.59,224256,13,6,35,0.6657783618908046,False,False,False,False,False,False,False,False,False,False,False,True,False,False,False,False,True,0,0.015467788695253176,0
20.26,1789,22,3,38,0.711001285332876,False,False,False,False,False,False,False,False,False,False,False,True,False,False,False,True,False,0,0.3356446716594237,0
70.2,24645,5,3,54,0.9767566080636461,False,True,False,False,False,False,False,False,False,False,False,False,False,False,False,False,False,0,0.059038255307857404,0
137.23,337,15,3,65,1.1159135092255124,False,False,False,False,False,False,True,False,False,False,False,False,False,False,False,False,True,0,0.020638868076465967,0
49.41,2504700,0,1,20,0.8018143044901284,False,True,False,False,False,False,False,False,False,False,False,False,False,False,False,False,False,0,0.10424371768034014,0
102.5,1532,8,2,40,0.7827392486549981,False,False,False,True,False,False,False,False,False,False,False,False,False,True,True,False,False,0,0.02268318042312477,0
181.4,5216,21,4,26,1.187016964061594,False,False,False,False,True,False,False,False,False,False,False,False,False,False,False,True,False,0,0.0630136366475412,0
87.85,172247,13,0,41,0.9124118956918541,False,False,False,False,False,False,False,False,False,False,False,False,False,False,False,False,True,0,0.014415669047959821,0
38.9,13973,15,1,39,0.593455742381018,True,False,False,False,False,False,False,False,False,False,False,False,False,False,False,False,True,0,0.02323041935245757,0
3.01,6284,21,6,84,0.7780286770293251,False,False,False,False,False,False,False,False,False,False,False,False,True,True,False,True,False,0,0.09064675930103769,0
8.58,14871,20,5,46,0.5074680186622601,False,False,False,False,False,False,False,False,False,False,True,False,False,False,False,True,False,0,0.056316251554609204,0
98.67,1089,3,0,48,0.26373383343439943,False,False,False,True,False,False,False,False,False,False,False,False,False,False,False,False,False,0,0.046499382940476036,0
91.43,1810,0,2,46,0.7991671980086527,False,False,False,True,False,False,False,False,False,False,False,False,False,False,False,False,False,0,0.0795258720364182,0
47.86,4993,15,5,71,0.8620042066492458,False,False,False,False,False,False,False,False,False,True,False,False,False,False,False,False,True,0,0.02168770974433645,0
10.17,3684,16,5,39,1.039604234337763,False,False,False,False,False,False,True,False,False,False,False,False,False,False,False,False,True,0,0.08367644086514806,0
131.37,1892,7,1,64,0.6092057239660558,False,False,False,True,False,False,False,False,False,False,False,False,False,True,True,False,False,0,0.009953487486373813,0
36.54,3343,21,0,30,1.1635798266526503,False,False,False,False,False,False,False,False,False,False,False,True,False,False,False,True,False,0,0.0457692386397108,0
62.46,863,2,0,47,0.8374310951821637,False,True,False,False,False,False,False,False,False,False,False,False,False,False,False,False,False,0,0.13088226127853914,0
121.16,136,13,6,20,0.8263884151202636,False,False,False,False,False,False,True,False,False,False,False,False,False,False,False,False,True,0,0.0194461306995919,0
78.86,3807,21,5,20,0.6538946406149847,False,False,False,False,False,False,False,False,False,False,True,False,False,True,False,True,False,0,0.030444772658422745,0
55.31,118,5,0,62,0.450195787588018,False,True,False,False,False,False,False,False,False,False,False,False,False,False,False,False,False,0,0.028231536958240343,0
37.65,413574,22,6,48,0.6864467882727808,False,False,False,False,False,True,False,False,False,False,False,False,False,False,False,True,False,0,0.12245599374055352,0
222.45,6508,1,0,39,0.6643108505210571,False,False,False,True,False,False,False,False,False,False,False,False,False,False,False,False,False,0,0.07728366483676781,0
12.1,1383,19,0,53,1.1265427279637432,False,False,False,False,False,False,True,False,False,False,False,False,False,True,False,True,False,0,0.08444651844336205,0
59.99,1196,4,6,62,0.7944386104539463,False,True,False,False,False,False,False,False,False,False,False,False,False,True,False,False,False,0,0.04403287704140112,0
4.96,923,13,6,56,1.1404664099433197,False,False,False,False,False,False,False,False,False,True,False,False,False,True,False,False,True,0,0.021814906556841766,0
71.36,198,19,4,41,0.7470063100202035,False,False,False,False,False,False,False,False,False,False,False,False,False,True,False,True,False,0,0.034151032092731126,0
6.98,7163,13,2,38,1.1841748526539488,False,False,False,False,False,False,False,False,False,False,False,True,False,True,False,False,True,0,0.016206801876481814,0
106.58,760,8,1,34,0.3244550031375734,False,False,False,True,False,False,False,False,False,False,False,False,False,False,True,False,False,0,0.0025874018135049353,0
39.73,1656,22,2,51,1.0931609285905666,False,False,False,False,False,True,False,False,False,False,False,False,False,True,False,True,False,0,0.10982335290257192,0
72.58,1312922,23,0,20,0.6981427949903957,False,False,False,True,False,False,False,False,False,False,False,False,False,False,False,True,False,0,0.10199568119458222,0
80.07,344,23,4,53,0.8148724922403496,False,False,False,False,False,False,True,False,False,False,False,False,False,False,False,True,False,0,0.21870236626937284,0
2.86,3395,12,1,41,0.6253979875647162,False,False,False,False,False,False,False,False,False,False,False,True,False,True,False,False,True,0,0.01638003031523806,0
4.75,1383,18,5,54,1.1454063354709483,False,False,False,False,False,True,False,False,False,False,False,False,False,True,False,True,False,0,0.040053193959591143,0
1.2,1165,9,2,75,0.5687990601266832,False,False,False,False,False,False,False,True,False,False,False,False,False,True,True,False,False,0,0.016504056311189313,0
198.94,4575,3,1,29,0.9337809247210919,False,False,False,True,False,False,False,False,False,False,False,False,False,False,False,False,False,0,0.07711024842716362,0
7.38,136,23,4,20,0.9471040030250079,True,False,False,False,False,False,False,False,False,False,False,False,False,False,False,True,False,0,0.19194235939226678,0
62.42,25459,3,1,51,0.7576932872904452,True,False,False,False,False,False,False,False,False,False,False,False,False,True,False,False,False,0,0.07966778804302121,0
27.92,54287,15,1,47,0.8532584982413055,False,False,False,False,False,False,False,False,False,False,False,True,False,False,False,False,True,0,0.012868022615672107,0
49.06,743,8,1,48,0.4355358264942212,False,True,False,False,False,False,False,False,False,False,False,False,False,False,True,False,False,0,0.014625354094482994,0
31.2,3487,23,4,60,0.94296222283663,False,False,False,False,False,False,True,False,False,False,False,False,False,False,False,True,False,0,0.26942285877014766,0
44.07,376,21,2,81,0.8835515235649852,False,False,False,False,True,False,False,False,False,False,False,False,False,True,False,True,False,0,0.03310529261466252,0
164.21,165,0,1,74,0.34346380685160743,False,False,False,False,False,False,False,True,False,False,False,False,False,False,False,False,False,0,0.05327952556806835,0
95.69,10256,11,1,52,0.9760912760438991,False,False,True,False,False,False,False,False,False,False,False,False,False,False,True,False,False,0,0.009583032281850064,0
103.1,1725,7,0,45,0.945406463350029,False,True,False,False,False,False,False,False,False,False,False,False,False,False,True,False,False,0,0.014998893622295473,0
87.97,427,22,3,69,0.2210087280493592,False,False,False,False,True,False,False,False,False,False,False,False,False,False,False,True,False,0,0.21581391991293886,0
74.26,509,11,1,39,0.7449660453530834,False,True,False,False,False,False,False,False,False,False,False,False,False,False,True,False,False,0,0.007095831749804349,0
24.66,5875,17,3,28,0.6412667136379306,False,False,False,False,True,False,False,False,False,False,False,False,False,False,False,False,True,0,0.041585124603487976,0
71.76,804,7,4,55,0.9541974872514656,False,True,False,False,False,False,False,False,False,False,False,False,False,True,True,False,False,0,0.012197836955183592,0
4.6,128,20,2,74,0.8037570080876498,False,False,False,False,True,False,False,False,False,False,False,False,False,True,False,True,False,0,0.04983926701240874,0
34.81,95015,3,4,74,0.12655950695227314,False,False,False,False,False,False,False,False,True,False,False,False,False,True,False,False,False,0,0.07239238964136961,0
444.12,54185,22,1,27,0.7474903208002022,False,False,False,False,False,False,False,False,False,False,False,True,False,False,False,True,False,0,0.7291708573102024,1
41.25,969,16,0,66,0.7123383288648751,False,False,False,False,True,False,False,False,False,False,False,False,False,False,False,False,True,0,0.023300031323608673,0
6.03,1087,17,6,57,0.4413713331028674,False,False,False,False,False,True,False,False,False,False,False,False,False,True,False,False,True,0,0.01269824607686983,0
54.47,163415,2,1,45,1.114206461587795,False,True,False,False,False,False,False,False,False,False,False,False,False,True,False,False,False,0,0.15623370532971403,0
28.43,5507,11,5,46,0.7714614107121597,False,False,True,False,False,False,False,False,False,False,False,False,False,True,True,False,False,0,0.008737853703528467,0
53.99,3202,20,4,22,0.6058051247340094,True,False,False,False,False,False,False,False,False,False,False,False,False,True,False,True,False,0,0.03741754906836126,0
93.43,106,18,2,36,1.1253186053469468,False,False,False,False,False,True,False,False,False,False,False,False,False,False,False,True,False,0,0.030700901974628905,0
5.76,5507,18,1,47,0.21650192945560834,False,False,False,False,False,False,False,False,False,False,True,False,False,True,False,True,False,0,0.042569395033379434,0
26.31,1897,22,3,67,0.9546346269233028,False,False,False,False,False,False,True,False,False,False,False,False,False,True,False,True,False,0,0.18943138642288293,0
78.25,647,6,1,33,0.8606067705595835,False,True,False,False,False,False,False,False,False,False,False,False,False,False,True,False,False,0,0.007499639464317867,0
7.94,17867,13,4,22,0.5024824109051,False,False,False,False,False,False,False,False,False,False,False,False,True,True,False,False,True,0,0.07159262871096127,0
60.88,191096,0,6,56,0.6653730196130644,False,True,False,False,False,False,False,False,False,False,False,False,False,False,False,False,False,0,0.11339259617262218,0
55.33,2395,13,6,26,0.2824743909188982,False,False,False,False,False,False,True,False,False,False,False,False,False,True,False,False,True,0,0.01065470776890775,0
27.52,736284,22,0,59,0.8435126479460825,False,False,False,False,False,True,False,False,False,False,False,False,False,False,False,True,False,0,0.09694018573750601,0
102.3,513,11,0,44,0.898269979351975,False,False,False,True,False,False,False,False,False,False,False,False,False,False,True,False,False,0,0.006141037905527369,0
154.37,4677,16,0,65,0.30684912249834345,False,False,False,False,False,False,False,False,False,False,False,False,True,True,False,False,True,0,0.0787646265767922,0
6.52,61,10,2,80,1.366494092305199,False,False,False,False,False,False,False,True,False,False,False,False,False,False,True,False,False,0,0.012675667770153833,0
2.84,6120,17,3,43,0.682156667631418,False,False,False,False,False,False,False,False,False,False,False,False,True,False,False,False,True,0,0.06617066553211794,0
6.15,104396,8,4,69,1.0506127697615393,False,False,False,False,False,False,False,False,False,False,False,True,False,True,True,False,False,0,0.017539442198743725,0
36.17,1690,3,4,44,0.8959927907355046,False,False,False,False,False,False,False,False,True,False,False,False,False,True,False,False,False,0,0.12755246402529405,0
562.53,237282,2,0,41,0.6289195345773541,False,False,False,False,False,False,False,True,False,False,False,False,False,False,False,False,False,0,0.6100606332095566,1
5.51,1656,15,2,51,1.221400921215469,False,False,False,False,True,False,False,False,False,False,False,False,False,True,False,False,True,0,0.0435333683416564,0
4.21,2916,13,2,85,0.9112721124548785,False,False,False,False,False,False,False,False,False,True,False,False,False,True,False,False,True,0,0.02339170715539066,0
5.31,1368,22,2,49,0.7931175282642544,False,False,False,False,False,False,False,False,False,False,False,True,False,False,False,True,False,0,0.11776912216249857,0
1.64,630,3,6,61,0.1036448863620402,False,False,False,False,False,False,False,False,False,False,False,True,False,False,False,False,False,0,0.09039780971067629,0
4.19,2368,21,0,31,1.0140760175080497,False,False,False,False,False,False,False,False,False,False,False,True,False,False,False,True,False,0,0.04073953565096076,0
1.02,836,20,6,38,0.7683127374318339,False,False,False,False,False,False,False,False,False,True,False,False,False,False,False,True,False,0,0.0887313520195679,0
79.29,409656,1,6,34,1.1030314343702974,False,True,False,False,False,False,False,False,False,False,False,False,False,True,False,False,False,0,0.12230939206456604,0
5.89,5216,19,4,27,0.9100687209288112,False,False,False,False,False,False,False,False,False,False,True,False,False,False,False,True,False,0,0.038283071513012586,0
93.86,186140,15,1,37,0.718104179175277,False,False,False,False,False,True,False,False,False,False,False,False,False,False,False,False,True,0,0.011473327904039612,0
175.02,1506,4,6,60,0.6206983272903097,False,False,False,True,False,False,False,False,False,False,False,False,False,True,False,False,False,0,0.028256082114247186,0
23.54,1078,19,5,68,0.6354651866066325,False,False,False,False,False,False,False,False,False,False,False,False,False,False,False,True,False,0,0.15652531729999444,0
79.61,365,13,0,29,0.9288551848937548,False,False,False,False,False,False,False,False,False,True,False,False,False,True,False,False,True,0,0.008563976710844443,0
4.33,34496,17,4,49,0.9889113005932311,False,False,False,False,False,False,False,False,False,False,False,True,False,False,False,False,True,0,0.038183170778616715,0
4.86,910148,17,4,33,0.9033792612878719,False,False,False,False,False,False,False,False,False,False,False,False,False,True,False,False,True,0,0.02844607973284789,0
183.99,42817,0,0,38,0.6468308991289764,False,False,False,False,False,False,False,False,True,False,False,False,False,False,False,False,False,0,0.2323199249359755,0
34.2,328,17,4,37,0.13624271210600478,False,False,False,False,False,False,True,False,False,False,False,False,False,False,False,False,True,0,0.02182241218292236,0
20.55,1443,23,3,58,0.4736783907631818,True,False,False,False,False,False,False,False,False,False,False,False,False,False,False,True,False,0,0.3893581109276437,0
41.73,722,1,4,30,0.6265443135844465,False,True,False,False,False,False,False,False,False,False,False,False,False,False,False,False,False,0,0.1393210734768404,0
175.86,1312922,6,1,38,0.5086422176736759,False,False,False,True,False,False,False,False,False,False,False,False,False,False,True,False,False,0,0.009840784215296688,0
1.77,1334,21,4,33,0.8759165360877598,False,False,False,False,False,False,False,False,False,False,False,True,False,False,False,True,False,0,0.04317427511079996,0
214.02,21125,8,0,35,1.3483365505577614,False,False,False,True,False,False,False,False,False,False,False,False,False,False,True,False,False,0,0.012676424370642682,0
28.02,107941,2,4,28,0.7323756349701893,False,False,False,False,False,False,False,False,True,False,False,False,False,False,False,False,False,0,0.1685366456976589,0
52.58,1897,10,1,67,0.9796182937823247,False,True,False,False,False,False,False,False,False,False,False,False,False,True,True,False,False,0,0.026185411970914053,0
1267.18,15647,22,3,72,0.8689937412714802,False,False,False,False,False,False,False,False,False,False,True,False,False,True,False,True,False,1,0.8102461557170837,1
4.88,545147,20,3,32,0.5935326497919043,False,False,False,False,False,False,False,False,False,False,False,True,False,False,False,True,False,0,0.037871442432269656,0
5.92,798,4,6,94,0.9047650020872803,False,False,False,False,False,False,False,True,False,False,False,False,False,True,False,False,False,0,0.041325146392901864,0
107.25,31515,0,5,48,0.6585708797282168,False,False,False,False,False,False,False,True,False,False,False,False,False,True,False,False,False,0,0.13214548857221015,0
89.52,1302,0,6,43,0.25868217957949474,False,False,False,False,False,False,False,False,False,False,True,False,False,True,False,False,False,0,0.06043832570358402,0
1267.74,1334,19,4,33,1.0086567134164146,False,False,False,False,False,False,False,False,False,False,False,True,False,False,False,True,False,0,0.5205154435129618,1
123.81,1770,0,3,26,1.030249888346023,False,False,False,False,False,False,False,False,False,False,False,True,False,True,False,False,False,0,0.09513386744311825,0
91.2,12486,11,2,86,0.972200893578067,False,False,False,True,False,False,False,False,False,False,False,False,False,False,True,False,False,0,0.023074415533410837,0
32.23,5577,16,1,55,0.49922604895177763,False,False,False,False,False,True,False,False,False,False,False,False,False,False,False,False,True,0,0.014207352480528497,0
10.15,320,13,0,59,0.9203256221930404,True,False,False,False,False,False,False,False,False,False,False,False,False,False,False,False,True,0,0.02733268605808489,0
704.3,378909,14,6,43,0.32712668969224157,False,False,False,False,False,False,False,False,False,False,True,False,False,False,False,False,True,0,0.2124830640927848,0
64.88,123,14,4,47,0.9334547069676181,False,False,False,False,False,False,False,False,False,True,False,False,False,True,False,False,True,0,0.014232505516968962,0
55.72,4172,14,2,58,1.3245449384086556,False,False,False,False,False,False,True,False,False,False,False,False,False,True,False,False,True,0,0.009321944179100781,0
7.11,3402,0,0,93,1.321915362411677,False,False,False,False,False,False,False,False,False,False,False,True,False,True,False,False,False,0,0.1086088829042496,0
93.76,2383912,11,4,61,0.6288769415791926,False,True,False,False,False,False,False,False,False,False,False,False,False,False,True,False,False,0,0.027944993052644758,0
24.0,8333,13,0,26,0.4684806508202929,True,False,False,False,False,False,False,False,False,False,False,False,False,False,False,False,True,0,0.024271620488454024,0
15.44,1909,13,2,66,0.6414458762397647,False,False,False,False,False,False,True,False,False,False,False,False,False,False,False,False,True,0,0.04513995008077791,0
121.18,1271,19,6,62,0.19036843301870696,False,False,False,False,False,True,False,False,False,False,False,False,False,False,False,True,False,0,0.03385717295747177,0
66.26,1841,23,0,45,0.6022418895800982,False,False,False,False,False,True,False,False,False,False,False,False,False,True,False,True,False,0,0.09443134442587456,0
141.07,836,21,4,38,0.7766979744875067,False,False,False,False,False,False,False,False,True,False,False,False,False,False,False,True,False,0,0.07323287121491905,0
1541.74,653,0,4,54,0.7055062080556083,False,False,False,False,False,False,False,False,False,False,False,True,False,True,False,False,False,0,0.1407364999928779,0
60.13,409656,2,6,89,0.7598309364779737,True,False,False,False,False,False,False,False,False,False,False,False,False,False,False,False,False,0,0.1086103822581123,0
65.57,3688,23,4,47,0.8807493982796661,False,False,False,False,False,False,True,False,False,False,False,False,False,True,False,True,False,0,0.1838816690244083,0
6.44,5341,19,0,25,0.38581637083462234,False,False,False,False,False,False,False,False,False,False,False,False,False,True,False,True,False,0,0.05342048142114385,0
26.01,753116,12,1,49,0.7000172386713133,False,False,False,False,False,False,False,False,False,False,False,False,False,False,False,False,True,0,0.023507212227295737,0
5.26,20478,13,0,23,1.001520111655282,False,False,False,False,False,False,True,False,False,False,False,False,False,True,False,False,True,0,0.01212664727133609,0
119.7,841711,8,3,57,0.7914423061809325,False,False,False,False,False,False,False,False,False,False,False,False,False,True,True,False,False,0,0.021612532185260238,0
1.53,254282,9,0,68,1.0690401657720854,False,False,False,False,False,False,False,False,True,False,False,False,False,True,True,False,False,0,0.021909845547864865,0
8.5,633,6,3,92,1.1300128024500409,False,False,False,False,False,False,False,False,False,False,True,False,False,True,True,False,False,0,0.022016725073255118,0
39.61,1271,1,0,62,0.7018560663020621,False,True,False,False,False,False,False,False,False,False,False,False,False,False,False,False,False,0,0.1503323791527225,0
1769.21,94014,19,6,35,0.41647789094380433,False,False,False,False,False,False,False,False,False,False,True,False,False,False,False,True,False,0,0.2513026993343854,0
3.81,163415,21,6,15,0.5040705394932281,False,False,False,False,False,False,False,False,False,False,False,True,False,False,False,True,False,0,0.03317074014168675,0
60.64,1446,23,1,42,0.5058552466081693,True,False,False,False,False,False,False,False,False,False,False,False,False,True,False,True,False,0,0.19637331334464625,0
12.29,1186,19,6,33,0.6974783951134259,True,False,False,False,False,False,False,False,False,False,False,False,False,False,False,True,False,0,0.07938862788576237,0
3.73,116001,15,5,27,0.9720570389750819,True,False,False,False,False,False,False,False,False,False,False,False,False,True,False,False,True,0,0.0193112326405601,0
8.22,1523,19,1,36,0.37565713112890153,False,False,False,False,False,False,False,True,False,False,False,False,False,False,False,True,False,0,0.0810188646664965,0
149.46,3255,5,2,42,0.8503716068666696,False,False,False,True,False,False,False,False,False,False,False,False,False,False,False,False,False,0,0.020364914256137453,0
39.89,276002,8,4,69,0.7349030187555416,True,False,False,False,False,False,False,False,False,False,False,False,False,False,True,False,False,0,0.04450703130295955,0
42.23,369,16,3,78,1.1523947677293525,False,False,False,False,True,False,False,False,False,False,False,False,False,False,False,False,True,0,0.04156801513546125,0
71.1,736284,8,1,68,0.7661245309960928,False,True,False,False,False,False,False,False,False,False,False,False,False,False,True,False,False,0,0.020617356499033006,0
137.75,192,2,0,56,1.3265841260756859,False,False,False,True,False,False,False,False,False,False,False,False,False,True,False,False,False,0,0.037425681524860914,0
53.35,111,8,2,20,0.881164452850887,False,True,False,False,False,False,False,False,False,False,False,False,False,True,True,False,False,0,0.01374846496952111,0
8.53,378909,20,0,43,0.36025158817276776,False,False,False,False,False,False,False,False,False,False,False,False,False,False,False,True,False,0,0.09774645867446763,0
82.28,741,18,0,34,0.7012172976938054,False,False,False,False,False,True,False,False,False,False,False,False,False,True,False,True,False,0,0.015942594611215905,0
69.9,6025,4,1,25,0.5184945015648688,False,False,False,True,False,False,False,False,False,False,False,False,False,True,False,False,False,0,0.017717110647372917,0
53.52,12335,18,5,33,0.5559841661927054,False,False,False,False,True,False,False,False,False,False,False,False,False,False,False,True,False,0,0.0498547495409285,0
16.48,149,23,6,42,0.44283222302469477,False,False,False,False,False,True,False,False,False,False,False,False,False,False,False,True,False,0,0.19380118562677362,0
1.51,92985,10,4,52,0.9194540796782648,False,False,False,False,False,False,False,False,False,False,False,False,False,False,True,False,False,0,0.061148981534538314,0
73.39,2054,23,3,57,1.1673540524870756,False,False,False,False,False,False,True,False,False,False,False,False,False,False,False,True,False,0,0.2513347088196423,0
1.86,5908,1,0,58,0.8258604184497558,False,False,False,False,False,False,False,True,False,False,False,False,False,False,False,False,False,0,0.1004564494312785,0
1.39,69793,2,5,66,0.6929091801304131,False,False,False,False,False,False,False,False,True,False,False,False,False,True,False,False,False,0,0.15650355710819963,0
47.62,3224,15,5,23,0.24269093239343978,False,False,False,False,False,False,False,False,False,False,False,False,False,True,False,False,True,0,0.018742420414037123,0
20.79,31394,21,3,23,1.0930214428427294,True,False,False,False,False,False,False,False,False,False,False,False,False,False,False,True,False,0,0.11067517392028398,0
84.58,86954,12,0,28,1.1458032452703268,False,False,False,False,False,False,False,False,False,False,False,False,False,True,False,False,True,0,0.010459258896214095,0
203.25,84106,15,1,49,0.4731384760606558,False,False,False,False,False,False,True,False,False,False,False,False,False,False,False,False,True,0,0.019888783465472383,0
134.97,1102,23,0,31,1.1669334804366531,False,False,False,False,False,False,False,False,False,False,False,True,False,True,False,True,False,0,0.1533661456298243,0
2.74,158701,9,1,42,0.8497234074573997,False,False,False,False,False,False,False,True,False,False,False,False,False,True,True,False,False,0,0.016556658162721657,0
107.89,378909,22,4,43,0.9107456626929429,False,False,False,False,False,False,False,False,False,False,False,True,False,False,False,True,False,0,0.16832922391805824,0
2.33,128,9,0,54,0.9718575147520396,False,False,False,False,False,False,False,False,True,False,False,False,False,True,True,False,False,0,0.014030761810160296,0
98.17,910148,17,6,44,0.8514737650098173,False,False,False,False,False,False,False,False,False,True,False,False,False,False,False,False,True,0,0.01630421426796135,0
55.9,427,21,1,69,0.33444919692682495,False,False,False,False,True,False,False,False,False,False,False,False,False,False,False,True,False,0,0.02940088497793952,0
93.85,372,12,2,24,0.9622501981818381,False,False,False,False,True,False,False,False,False,False,False,False,False,False,False,False,True,0,0.013411103878112467,0
2.62,513,14,6,44,0.6233169589743272,False,False,False,False,False,False,False,False,False,False,True,False,False,False,False,False,True,0,0.012636634836786561,0
7.25,427,19,0,69,0.2532691768159026,False,False,False,False,False,False,False,False,False,False,False,False,False,False,False,True,False,0,0.09699689801869459,0
7.08,673342,0,4,53,0.9530472352580498,False,False,False,False,False,False,False,False,False,False,False,False,False,True,False,False,False,0,0.3140511476611043,0
14.45,4575,9,1,28,0.9265581202763128,False,False,False,False,False,False,False,True,False,False,False,False,False,False,True,False,False,0,0.0377793916480943,0
2.53,192,8,5,56,1.3118078224679106,False,False,False,False,False,False,False,False,False,False,False,True,False,True,True,False,False,0,0.008446872547806203,0
154.36,54287,21,2,48,0.5208632462796792,False,False,False,False,False,False,False,False,False,False,True,False,False,False,False,True,False,0,0.022110230625066285,0
95.21,2523,10,4,32,0.8705882989708736,False,False,True,False,False,False,False,False,False,False,False,False,False,False,True,False,False,0,0.022801105943545032,0
231.2,910148,11,0,44,1.0095373411186954,False,False,False,True,False,False,False,False,False,False,False,False,False,False,True,False,False,0,0.011171872091882317,0
3.65,519,14,0,54,0.6304269174686357,False,False,False,False,True,False,False,False,False,False,False,False,False,True,False,False,True,0,0.02356560989234246,0
184.94,45100,20,1,26,1.061264568433807,False,False,False,False,False,False,False,False,False,False,False,False,False,False,False,True,False,0,0.040453961857421256,0
6.72,215,7,4,51,0.44141187921146935,False,False,False,False,False,False,False,False,False,False,False,True,False,False,True,False,False,0,0.03234829773774431,0
35.79,20328,15,3,35,0.8749636889477063,True,False,False,False,False,False,False,False,False,False,False,False,False,True,False,False,True,0,0.014735304182792935,0
554.92,2223,14,2,34,0.4580366730142848,False,False,False,False,False,False,False,False,False,False,False,False,True,True,False,False,True,0,0.04083241416800079,0
4.17,1368,16,4,49,0.4560041833634942,False,False,False,False,False,False,False,False,False,False,True,False,False,False,False,False,True,0,0.02349001741614053,0
28.06,519,18,0,54,0.7680990828597514,False,False,False,False,True,False,False,False,False,False,False,False,False,True,False,True,False,0,0.02314995116903874,0
199.68,105549,21,0,47,0.24685059857735925,False,False,False,False,False,False,False,False,False,True,False,False,False,True,False,True,False,0,0.03364739412045651,0
95.33,15426,23,6,84,0.7736555496892712,False,False,False,False,False,False,True,False,False,False,False,False,False,False,False,True,False,0,0.18694579543617643,0
52.29,50835,19,6,34,0.30962999527985197,True,False,False,False,False,False,False,False,False,False,False,False,False,False,False,True,False,0,0.0581557784965226,0
8.45,45100,0,4,26,0.8713060222378797,False,False,False,False,False,False,False,False,True,False,False,False,False,False,False,False,False,0,0.49527937633350233,0
4.85,17047,13,6,85,1.1128031971817898,False,False,False,False,False,False,False,False,False,False,False,False,True,False,False,False,True,0,0.08365676946201259,0
10.19,4290,13,6,30,0.6216019335507473,True,False,False,False,False,False,False,False,False,False,False,False,False,True,False,False,True,0,0.021516923538368066,0
2.84,4471,17,1,46,1.0177447353167641,False,False,False,False,False,False,False,False,False,False,False,False,True,True,False,False,True,0,0.039524596318057534,0
263.68,6120,12,6,44,0.5735401191843632,False,False,False,False,False,False,False,False,False,False,True,False,False,False,False,False,True,0,0.12419695306407147,0
128.1,1858,1,3,36,0.8874469612061352,False,False,False,True,False,False,False,False,False,False,False,False,False,True,False,False,False,0,0.07859296214798159,0
8.61,104,19,3,31,0.819607148890856,False,False,False,False,False,False,False,False,False,False,True,False,False,False,False,True,False,0,0.04394993239246863,0
44.93,895,6,0,21,0.9997205083927169,False,False,True,False,False,False,False,False,False,False,False,False,False,True,True,False,False,0,0.00367546133933145,0
7.17,2971,10,0,72,0.6584022893717751,False,False,False,False,False,False,False,False,True,False,False,False,False,True,True,False,False,0,0.03788049579292868,0
46.9,7155,17,0,43,0.8367548657832822,False,False,False,False,False,True,False,False,False,False,False,False,False,False,False,False,True,0,0.009940323376256782,0
48.16,2135,16,4,16,0.9565143152493828,False,False,False,False,False,False,True,False,False,False,False,False,False,False,False,False,True,0,0.024719636604117738,0
75.96,5341,17,4,25,0.8670306585196421,False,False,False,False,False,False,False,False,False,False,False,False,False,True,False,False,True,0,0.014967332480926396,0
1.72,258,3,1,59,0.28516065267143587,False,False,False,False,False,False,False,False,False,False,False,True,False,True,False,False,False,0,0.07284621991961963,0
103.18,2376,1,6,47,0.503808873192992,False,False,False,True,False,False,False,False,False,False,False,False,False,False,False,False,False,0,0.08790264025012952,0
147.51,2916,13,6,85,0.04258834817178035,False,False,False,False,False,False,True,False,False,False,False,False,False,True,False,False,True,0,0.010970551834367303,0
23.82,1574,23,2,37,0.766140860889827,False,False,False,False,False,False,False,False,False,True,False,False,False,False,False,True,False,0,0.651228010795854,1
70.89,79008,16,2,35,0.659056651193205,False,False,False,False,False,False,True,False,False,False,False,False,False,True,False,False,True,0,0.016908098285844834,0
47.31,5901,20,0,47,0.5475525359680065,False,False,False,False,False,False,True,False,False,False,False,False,False,True,False,True,False,0,0.01670356289630898,0
74.41,3684,17,5,44,1.1319494746692547,False,False,False,False,False,True,False,False,False,False,False,False,False,True,False,False,True,0,0.008324602796157186,0
7.18,9772,22,4,30,0.715373612035688,False,False,False,False,False,False,False,False,False,False,False,True,False,True,False,True,False,0,0.17924155036454278,0
233.12,22191,12,6,26,0.8346085253590504,False,False,False,False,False,False,False,False,False,False,False,True,False,False,False,False,True,0,0.0604124559312694,0
221.49,5760,15,2,41,0.6169088399334259,False,False,False,False,False,False,False,False,False,False,False,True,False,False,False,False,True,0,0.04450612934358697,0
3.79,100,19,4,46,1.0230024697457976,False,False,False,False,False,False,False,False,True,False,False,False,False,False,False,True,False,0,0.06439956627228734,0
126.46,1423,19,0,22,0.19180123358570852,False,False,False,False,False,False,False,False,False,False,False,False,False,False,False,True,False,0,0.0595941089727953,0
47.26,597,10,0,59,0.6496210848556249,False,True,False,False,False,False,False,False,False,False,False,False,False,False,True,False,False,0,0.012780200255872133,0
59.69,647,9,1,33,0.7458635161475515,False,True,False,False,False,False,False,False,False,False,False,False,False,False,True,False,False,0,0.00918917769175249,0
97.72,509,13,0,40,0.221739214215706,True,False,False,False,False,False,False,False,False,False,False,False,False,False,False,False,True,0,0.018695499020057658,0
76.45,372,21,1,25,0.4996230973864202,False,False,False,False,False,False,True,False,False,False,False,False,False,False,False,True,False,0,0.03222538317862347,0
77.35,1312922,5,4,20,0.9702465840645947,False,True,False,False,False,False,False,False,False,False,False,False,False,False,False,False,False,0,0.06460268996350266,0
65.2,17867,15,6,21,0.3101062045832048,False,False,False,False,False,False,False,False,False,False,False,False,False,True,False,False,True,0,0.020749088194461175,0
5.9,343,12,6,48,0.8216486843718533,False,False,False,False,False,False,False,False,False,False,True,False,False,False,False,False,True,0,0.01581721124209609,0
87.59,1512,16,0,17,0.3591314159719263,False,False,False,False,False,False,False,False,False,False,False,False,False,True,False,False,True,0,0.015524814551148696,0
128.84,1132,13,1,59,0.6555863008025706,False,False,False,False,False,False,True,False,False,False,False,False,False,True,False,False,True,0,0.005596387560986985,0
1.86,344,10,6,53,0.42134159805198107,False,False,False,False,False,False,False,False,True,False,False,False,False,False,True,False,False,0,0.03207013707515472,0
109.47,186140,23,1,37,0.49520718151598647,False,False,False,False,False,True,False,False,False,False,False,False,False,False,False,True,False,0,0.1042724269363135,0
16.13,6841,13,0,21,1.0194289721726537,False,False,False,False,False,False,False,False,True,False,False,False,False,False,False,False,True,0,0.04340443348508,0
4.25,61,2,6,80,1.2465009586077331,False,False,False,False,False,False,False,False,False,False,False,True,False,False,False,False,False,0,0.051457994149435485,0
4.07,2135,17,2,16,0.8649116295911459,False,False,False,False,False,False,False,False,False,False,False,False,True,False,False,False,True,0,0.033824036586229185,0
1.15,2208,6,6,59,0.5198251877054468,False,False,False,False,False,False,False,False,True,False,False,False,False,True,True,False,False,0,0.027336371476888437,0
7.78,6629,1,5,58,1.02241902003484,False,False,False,False,False,False,False,False,False,False,True,False,False,False,False,False,False,0,0.13158485534848896,0
39.11,123373,22,3,27,0.9251136506748752,False,False,False,False,False,True,False,False,False,False,False,False,False,False,False,True,False,0,0.10728341759196183,0
521.81,34496,15,4,49,0.43010346363288376,False,False,False,False,False,False,False,False,False,False,True,False,False,False,False,False,True,0,0.2100588976195477,0
42.13,168,11,5,41,0.8703128869579052,False,False,False,False,False,False,False,False,True,False,False,False,False,True,True,False,False,0,0.010276447317428801,0
34.34,718,10,5,35,0.6532935197022843,False,False,True,False,False,False,False,False,False,False,False,False,False,False,True,False,False,0,0.017141290870507427,0
78.65,1804,13,5,45,0.5696626102966598,False,False,False,False,False,True,False,False,False,False,False,False,False,True,False,False,True,0,0.007325477749621707,0
17.99,3228,16,2,24,0.9069016126758188,False,False,False,False,False,False,True,False,False,False,False,False,False,True,False,False,True,0,0.049746199735690666,0
5.27,759,3,1,64,0.21816512892073156,False,False,False,False,False,False,False,False,True,False,False,False,False,False,False,False,False,0,0.17072045605819808,0
217.45,84106,3,6,49,1.0948044258245413,False,False,False,True,False,False,False,False,False,False,False,False,False,False,False,False,False,0,0.07565412256080255,0
49.92,479994,16,6,49,0.06282011719982875,True,False,False,False,False,False,False,False,False,False,False,False,False,False,False,False,True,0,0.034971233765152446,0
126.45,4845,8,4,94,0.9474646080746282,True,False,False,False,False,False,False,False,False,False,False,False,False,False,True,False,False,0,0.07826306669043745,0
15.48,165556,21,1,22,0.5289238547711641,False,False,False,False,True,False,False,False,False,False,False,False,False,False,False,True,False,0,0.06380359565621752,0
26.56,1760,21,3,48,0.7608265438823683,True,False,False,False,False,False,False,False,False,False,False,False,False,False,False,True,False,0,0.05173754466127819,0
33.38,4542,15,2,22,0.7837239074482761,False,False,False,False,False,False,False,False,False,True,False,False,False,False,False,False,True,0,0.01698280805620475,0
108.03,513,3,4,44,0.6280579621165575,False,False,False,True,False,False,False,False,False,False,False,False,False,False,False,False,False,0,0.059224281811699024,0
31.15,75830,14,5,45,0.5270233248320181,False,False,False,False,True,False,False,False,False,False,False,False,False,True,False,False,True,0,0.01599870200226019,0
51.1,269,13,6,55,0.5977571467410427,False,False,False,False,False,True,False,False,False,False,False,False,False,False,False,False,True,0,0.016399009970379172,0
155.37,12335,6,6,33,0.866723084139338,False,False,False,False,False,False,False,True,False,False,False,False,False,False,True,False,False,0,0.037658861459051465,0
4.51,165556,13,1,22,0.7225401230658356,False,False,False,False,False,False,False,False,True,False,False,False,False,False,False,False,True,0,0.025840305945703794,0
78.85,2644,8,1,36,0.39766066074104706,False,False,False,False,False,False,False,True,False,False,False,False,False,False,True,False,False,0,0.01015224789580518,0
6.34,255,21,0,48,0.8322995703837567,False,False,False,False,False,False,True,False,False,False,False,False,False,False,False,True,False,0,0.04880876836416451,0
25.21,836,23,2,38,0.7199593882685288,False,False,False,False,False,False,True,False,False,False,False,False,False,False,False,True,False,0,0.32739548194352924,0
72.91,6469,20,1,41,1.0309644846380515,False,False,False,False,False,False,False,False,False,False,False,False,False,False,False,True,False,0,0.04217696023313954,0
4.06,52126,7,4,91,0.9368330826918946,False,False,False,False,False,False,False,False,True,False,False,False,False,False,True,False,False,0,0.04222619368012436,0
45.67,1970,4,1,34,0.4475642075859098,False,True,False,False,False,False,False,False,False,False,False,False,False,False,False,False,False,0,0.04914869711886394,0
65.94,419,15,4,29,0.47342559803311585,True,False,False,False,False,False,False,False,False,False,False,False,False,True,False,False,True,0,0.015221110125713271,0
3.05,207,2,4,57,0.5009549752872033,False,False,False,False,False,False,False,True,False,False,False,False,False,False,False,False,False,0,0.09084911414646063,0
43.33,3684,20,2,38,0.38891710739692564,False,False,False,False,False,True,False,False,False,False,False,False,False,False,False,True,False,0,0.035403836556513246,0
149.76,864,16,0,78,0.8270307111891347,True,False,False,False,False,False,False,False,False,False,False,False,False,True,False,False,True,0,0.04818951724142695,0
183.89,28425,12,0,20,0.6969517950647727,False,False,False,False,False,False,False,True,False,False,False,False,False,False,False,False,True,0,0.011796391308449788,0
7.99,493806,17,5,39,1.1803767935930436,False,False,False,False,False,False,False,False,False,False,False,False,True,True,False,False,True,0,0.06467636126433732,0
6.63,19685,23,6,35,0.9524916262125366,False,False,False,False,False,False,False,False,False,False,True,False,False,False,False,True,False,0,0.11256421055000407,0
5.04,4090,21,0,43,1.3731223950606162,False,False,False,False,False,False,False,False,False,False,True,False,False,False,False,True,False,0,0.03708905331170088,0
25.65,238602,21,3,27,1.169217253326347,False,False,False,False,False,False,True,False,False,False,False,False,False,True,False,True,False,0,0.05799963391941567,0
5.88,17867,20,1,21,0.41401465489279643,False,False,False,False,False,False,False,False,False,False,False,False,False,True,False,True,False,0,0.05305284699747393,0
46.67,321490,9,1,29,0.6757940261477591,False,False,False,True,False,False,False,False,False,False,False,False,False,True,True,False,False,0,0.00916119415498467,0
52.79,31970,9,3,85,1.0729671483661554,False,True,False,False,False,False,False,False,False,False,False,False,False,False,True,False,False,0,0.025669465234796737,0
29.14,95,10,4,26,0.7630109541421939,False,False,False,False,False,False,False,False,True,False,False,False,False,True,True,False,False,0,0.011168894579427529,0
44.5,12486,9,0,86,0.7825745388574757,False,False,False,False,False,False,False,False,True,False,False,False,False,False,True,False,False,0,0.015877852231471184,0
34.9,37,18,0,62,0.4624982133424879,False,False,False,False,True,False,False,False,False,False,False,False,False,False,False,True,False,0,0.040300285054083736,0
64.7,828,13,1,28,0.9736176456027289,True,False,False,False,False,False,False,False,False,False,False,False,False,True,False,False,True,0,0.005546599298484407,0
93.79,3996,5,5,43,0.7299360414132163,False,False,False,True,False,False,False,False,False,False,False,False,False,True,False,False,False,0,0.02631155370717619,0
78.8,6006,20,4,36,0.29389218105966225,False,False,False,False,True,False,False,False,False,False,False,False,False,True,False,True,False,0,0.03406455715333161,0
24.89,302,20,1,47,0.7510820428634856,False,False,False,False,False,True,False,False,False,False,False,False,False,False,False,True,False,0,0.026878957675146756,0
186.78,128354,7,1,28,1.219254587767456,False,False,False,False,False,False,False,False,True,False,False,False,False,False,True,False,False,0,0.01758557231652508,0
119.52,477,11,1,32,0.4881816766245935,False,False,False,True,False,False,False,False,False,False,False,False,False,True,True,False,False,0,0.0055984710420701345,0
9.18,5760,20,1,42,1.0368401823550328,False,False,False,False,False,False,False,False,False,True,False,False,False,False,False,True,False,0,0.10757048255215329,0
59.07,5341,14,6,26,0.7846417109547512,False,False,False,False,False,False,False,False,False,True,False,False,False,True,False,False,True,0,0.008201049791982737,0
3.88,2078,13,4,57,0.7993900466086666,False,False,False,False,False,False,False,False,False,False,False,False,True,False,False,False,True,0,0.07300386908096992,0
115.49,516,6,4,54,0.7910556838257332,False,False,False,True,False,False,False,False,False,False,False,False,False,False,True,False,False,0,0.012922085201552979,0
75.28,3688,22,0,47,0.9478847863981308,False,False,False,False,True,False,False,False,False,False,False,False,False,True,False,True,False,0,0.18831898866686048,0
57.5,525713,21,0,28,0.3684357108234893,False,False,False,False,False,False,False,False,False,False,False,False,False,False,False,True,False,0,0.029154359623509193,0
23.87,344,14,5,53,1.083234583275939,False,False,False,False,False,False,False,False,False,True,False,False,False,False,False,False,True,0,0.03562071607188468,0
43.65,1583,15,0,21,1.0640469684750782,True,False,False,False,False,False,False,False,False,False,False,False,False,False,False,False,True,0,0.012778253935482743,0
41.02,276896,3,1,23,0.9684433232383832,False,True,False,False,False,False,False,False,False,False,False,False,False,True,False,False,False,0,0.12656253480013327,0
4.82,128,21,5,54,0.7347352108378996,False,False,False,False,False,False,False,False,False,False,False,False,True,True,False,True,False,0,0.07301062813549866,0
29.24,2092,23,0,58,0.6867379649655384,False,False,False,False,False,False,False,False,False,True,False,False,False,True,False,True,False,0,0.3506214042963637,0
2.14,136,19,1,20,0.810921110225892,True,False,False,False,False,False,False,False,False,False,False,False,False,False,False,True,False,0,0.03195411153951374,0
154.76,190,4,4,50,0.9402172892076641,False,False,False,True,False,False,False,False,False,False,False,False,False,False,False,False,False,0,0.013258512314162687,0
54.62,5760,19,0,41,0.4759594428362609,True,False,False,False,False,False,False,False,False,False,False,False,False,False,False,True,False,0,0.04313212794388185,0
22.47,1383,14,3,53,1.1193151812286855,False,False,False,False,False,True,False,False,False,False,False,False,False,True,False,False,True,0,0.02441450391322976,0
6.11,5619,3,3,61,0.8438496955317236,False,False,False,False,False,False,False,False,False,False,False,True,False,True,False,False,False,0,0.11482140738562974,0
89.73,606,15,5,31,0.2888246239363925,False,False,False,False,False,True,False,False,False,False,False,False,False,False,False,False,True,0,0.01901007834748236,0
42.81,1446,9,3,42,0.175341629309776,False,False,False,False,False,False,False,False,True,False,False,False,False,True,True,False,False,0,0.011421974241345216,0
72.61,1480,16,3,46,0.8354112419377577,False,False,False,False,True,False,False,False,False,False,False,False,False,True,False,False,True,0,0.01794393320606593,0
55.8,663,5,6,51,0.6559236350002949,False,True,False,False,False,False,False,False,False,False,False,False,False,True,False,False,False,0,0.03778451421357701,0
79.56,1126,22,3,40,0.9820314504953565,False,False,False,False,False,False,False,False,False,True,False,False,False,True,False,True,False,0,0.26247375193976974,0
2.27,3289,9,4,87,0.8153392883088535,False,False,False,False,False,False,False,False,False,False,True,False,False,False,True,False,False,0,0.03443984837841721,0
71.42,800,0,3,88,0.3637722689334674,False,True,False,False,False,False,False,False,False,False,False,False,False,True,False,False,False,0,0.1050235234960056,0
2.41,6006,21,3,36,0.9440935617130426,False,False,False,False,False,False,False,False,True,False,False,False,False,True,False,True,False,0,0.0854465276430216,0
45.86,1523,2,1,36,0.8852331345414035,False,True,False,False,False,False,False,False,False,False,False,False,False,False,False,False,False,0,0.15984676229599443,0
1.45,969,23,3,66,0.4910638157897631,False,False,False,False,False,False,True,False,False,False,False,False,False,False,False,True,False,0,0.18765065338276662,0
125.31,3688,19,6,47,0.9539497636799426,False,False,False,False,False,True,False,False,False,False,False,False,False,True,False,True,False,0,0.032970629713701925,0
64.66,153,18,4,58,1.2626300283210423,False,False,False,False,False,True,False,False,False,False,False,False,False,True,False,True,False,0,0.019277331894834687,0
41.12,4653,3,6,23,0.525381464461773,False,True,False,False,False,False,False,False,False,False,False,False,False,True,False,False,False,0,0.11522160125305443,0
25.08,302,16,6,47,0.9854134781892362,False,False,False,False,False,False,False,False,False,True,False,False,False,False,False,False,True,0,0.02499693943704152,0
28.72,2328,2,6,78,0.8571076009142609,False,False,False,False,False,False,False,False,False,False,False,False,False,False,False,False,False,0,0.12209489451125802,0
3.49,581,3,6,53,0.5971797193508864,False,False,False,False,False,False,False,True,False,False,False,False,False,False,False,False,False,0,0.09809521104532357,0
74.04,2376,10,3,47,1.2784079498884522,False,True,False,False,False,False,False,False,False,False,False,False,False,False,True,False,False,0,0.03757754219198514,0
92.84,100,9,4,40,1.2378664262807157,False,False,False,False,False,False,False,False,False,False,True,False,False,True,True,False,False,0,0.004577577212899834,0
9.89,270712,12,1,48,0.7979012374705312,False,False,False,False,False,False,True,False,False,False,False,False,False,False,False,False,True,0,0.031874318181015514,0
67.67,307,19,0,90,1.0052954662411517,False,False,False,False,False,False,True,False,False,False,False,False,False,False,False,True,False,0,0.02708539590473921,0
84.98,2121,21,3,47,0.6234284207348917,False,False,False,False,False,False,True,False,False,False,False,False,False,False,False,True,False,0,0.055515702337426136,0
32.27,3688,15,0,33,1.053165143383029,False,False,False,False,False,False,False,False,False,False,True,False,False,False,False,False,True,0,0.015853018254251568,0
52.28,92106,8,2,77,0.3986562497390459,False,False,False,False,False,False,False,False,False,False,False,False,False,False,True,False,False,0,0.025244959528329013,0
49.88,4512,17,1,27,0.5246604133046476,False,False,False,False,False,True,False,False,False,False,False,False,False,False,False,False,True,0,0.008775279039848372,0
7.15,836,14,5,38,0.719338765951755,False,False,False,False,False,True,False,False,False,False,False,False,False,False,False,False,True,0,0.023633227077486343,0
5.1,338,17,2,32,0.8492431915517492,False,False,False,False,False,False,False,False,True,False,False,False,False,False,False,False,True,0,0.030029170787299424,0
8.64,136,22,0,20,0.10935408700639604,True,False,False,False,False,False,False,False,False,False,False,False,False,False,False,True,False,0,0.1750367545060648,0
77.53,4049,8,1,61,0.5690493988442415,False,True,False,False,False,False,False,False,False,False,False,False,False,False,True,False,False,0,0.019664317409143046,0
36.53,20478,10,1,23,0.9145116584784384,False,False,True,False,False,False,False,False,False,False,False,False,False,True,True,False,False,0,0.00302229161775574,0
16.84,4993,20,1,72,1.0125983018892473,False,False,False,False,False,True,False,False,False,False,False,False,False,False,False,True,False,0,0.047351927002462414,0
398.06,50835,11,3,34,0.660143466174593,False,False,False,False,False,False,False,False,True,False,False,False,False,False,True,False,False,0,0.10506071294308494,0
21.91,20328,14,4,35,1.0189293965923343,False,False,False,False,False,False,False,False,False,False,False,False,False,True,False,False,True,0,0.058204379954297544,0
82.91,640470,5,5,54,1.0118665642316653,False,True,False,False,False,False,False,False,False,False,False,False,False,True,False,False,False,0,0.04037080978176293,0
4.87,165,22,4,74,0.6095028147547782,False,False,False,False,True,False,False,False,False,False,False,False,False,False,False,True,False,0,0.2296804664714152,0
57.66,1946,16,5,30,0.7969702326310467,True,False,False,False,False,False,False,False,False,False,False,False,False,True,False,False,True,0,0.018245213127973857,0
56.28,100,8,0,46,0.8438266299311735,False,True,False,False,False,False,False,False,False,False,False,False,False,False,True,False,False,0,0.007942108499673394,0
224.46,1791,22,4,55,0.8650053743983334,False,False,False,False,True,False,False,False,False,False,False,False,False,False,False,True,False,0,0.2821960336842384,0
12.81,34882,16,3,49,0.4302875382497277,False,False,False,False,False,False,False,False,False,True,False,False,False,False,False,False,True,0,0.07122783655812459,0
6.97,6713,6,0,75,0.5590899572501694,False,False,False,False,False,False,False,False,True,False,False,False,False,False,True,False,False,0,0.039741647368141245,0
110.99,21437,8,3,56,0.2715242551228105,True,False,False,False,False,False,False,False,False,False,False,False,False,True,True,False,False,0,0.039590434282794684,0
40.9,302,4,6,47,0.48275273204613683,False,True,False,False,False,False,False,False,False,False,False,False,False,False,False,False,False,0,0.045676678535693335,0
156.53,937,23,1,62,0.9996371475710518,True,False,False,False,False,False,False,False,False,False,False,False,False,True,False,True,False,0,0.2434419835114036,0
45.94,118,23,1,62,0.8868328352964829,False,False,False,False,False,False,False,False,False,True,False,False,False,False,False,True,False,0,0.3156361857221176,0
4.12,1334,12,1,34,0.5464030917354015,False,False,False,False,False,False,False,True,False,False,False,False,False,False,False,False,True,0,0.02291119673034101,0
4.4,165,15,3,75,1.2492734784253616,False,False,False,False,False,True,False,False,False,False,False,False,False,False,False,False,True,0,0.022233128877231216,0
8.02,34153,15,1,25,0.801925254387841,False,False,False,False,False,False,False,True,False,False,False,False,False,False,False,False,True,0,0.027551751124922058,0
23.2,186140,15,2,37,0.9239167552831778,False,False,False,False,False,False,False,False,False,False,False,True,False,False,False,False,True,0,0.03445103651485976,0
7.74,69793,14,1,66,0.9453043566312359,False,False,False,False,False,False,False,False,False,True,False,False,False,True,False,False,True,0,0.027768346241844804,0
487.1,207410,21,3,36,0.4961459184121116,False,False,False,False,False,False,False,False,False,False,True,False,False,True,False,True,False,0,0.4142440774178252,0
170.38,3343,11,4,30,0.9421776855880212,False,False,False,False,False,False,False,False,True,False,False,False,False,False,True,False,False,0,0.03447418079497591,0
6.79,31394,19,5,23,1.3232441679848914,False,False,False,False,False,False,False,False,False,False,False,True,False,False,False,True,False,0,0.06506777992739958,0
83.74,4154,10,2,58,1.010497746092493,False,True,False,False,False,False,False,False,False,False,False,False,False,True,True,False,False,0,0.039323392447590845,0
5.43,2206,22,2,33,0.9819652131868015,False,False,False,False,False,True,False,False,False,False,False,False,False,False,False,True,False,0,0.1477208931010306,0
31.59,1760,18,3,48,0.17462840255811152,False,False,False,False,False,False,True,False,False,False,False,False,False,False,False,True,False,0,0.05722240300765846,0
80.5,477,3,3,32,0.8238458768058523,False,True,False,False,False,False,False,False,False,False,False,False,False,True,False,False,False,0,0.11230074478647492,0
25.63,46944,16,0,78,0.704847453574188,False,False,False,False,False,False,False,False,False,True,False,False,False,True,False,False,True,0,0.03604050530505256,0
23.28,1131,19,6,61,0.26618749867151026,False,False,False,False,False,False,False,False,False,True,False,False,False,False,False,True,False,0,0.15872979348786861,0
1.09,17867,22,6,22,0.7349531896039299,False,False,False,False,False,False,False,False,False,False,True,False,False,True,False,True,False,0,0.09998836234980796,0
102.55,302,19,4,30,1.104484025469358,False,False,False,False,False,False,False,True,False,False,False,False,False,False,False,True,False,0,0.044977621595595686,0
73.93,1302,22,1,43,0.3331965073046222,False,False,False,False,False,False,False,False,False,True,False,False,False,True,False,True,False,0,0.21824470988165656,0
1.81,513,18,1,44,0.772328825556192,False,False,False,False,False,False,False,False,False,False,True,False,False,False,False,True,False,0,0.02502107583337291,0
58.41,509,4,0,39,0.9703582262257545,False,True,False,False,False,False,False,False,False,False,False,False,False,False,False,False,False,0,0.04034265827634549,0
41.23,207410,1,0,36,0.8237078278965212,False,False,False,True,False,False,False,False,False,False,False,False,False,True,False,False,False,0,0.056389429742797634,0
37.21,5791,23,0,60,0.2271782879502437,False,False,False,False,False,False,False,False,False,True,False,False,False,True,False,True,False,0,0.29654545157294077,0
196.05,5451,8,2,58,0.11791288164572669,False,False,False,False,False,False,False,False,False,False,True,False,False,True,True,False,False,0,0.01371866963303959,0
82.57,22305,4,6,81,1.0646642686504573,False,False,False,True,False,False,False,False,False,False,False,False,False,False,False,False,False,0,0.034519864688308144,0
48.42,478,16,0,60,0.8757261651372454,False,False,False,False,False,False,False,False,False,False,False,False,False,False,False,False,True,0,0.04864937774625939,0
3.66,19090,9,3,91,0.5301038522195479,False,False,False,False,False,False,False,False,False,False,False,True,False,False,True,False,False,0,0.028625391873784482,0
107.14,520,11,5,28,0.9269972364171423,False,False,False,True,False,False,False,False,False,False,False,False,False,False,True,False,False,0,0.003909746880672511,0
65.65,74,11,6,76,0.8977341612415117,False,True,False,False,False,False,False,False,False,False,False,False,False,True,True,False,False,0,0.01066842808897785,0
31.0,3395,19,3,41,0.8595105548485155,False,False,False,False,False,True,False,False,False,False,False,False,False,True,False,True,False,0,0.021267339183998563,0
4.21,3032,11,6,56,0.7361932512282329,False,False,False,False,False,False,False,False,False,False,False,False,False,True,True,False,False,0,0.04373796081076304,0
36.3,5950,19,0,49,0.7389903766680616,False,False,False,False,False,False,False,False,False,False,True,False,False,False,False,True,False,0,0.0198831506477786,0
9.6,378909,12,1,43,0.5577894273522924,False,False,False,False,False,False,False,False,False,False,True,False,False,False,False,False,True,0,0.022996617545687274,0
4.83,427,16,6,69,0.7165368044036446,False,False,False,False,False,False,True,False,False,False,False,False,False,False,False,False,True,0,0.03579591779811721,0
1.12,19408,7,0,27,0.5165235187917342,False,False,False,False,False,False,False,True,False,False,False,False,False,True,True,False,False,0,0.020305600107453553,0
2.05,409656,18,4,34,0.5843000673780578,False,False,False,False,False,False,False,False,False,False,True,False,False,True,False,True,False,0,0.032332004931708104,0
45.92,2870,17,0,21,0.9845506163367095,False,False,False,False,False,False,True,False,False,False,False,False,False,True,False,False,True,0,0.008905033616129845,0
2.33,1324,4,4,94,0.6442461261947939,False,False,False,False,False,False,False,False,False,False,False,True,False,False,False,False,False,0,0.0504972195965689,0
9.21,7163,13,0,38,0.5489651191560323,False,False,False,False,False,False,False,False,False,False,False,True,False,True,False,False,True,0,0.018656527828962877,0
42.77,13973,19,1,39,1.1136428071805584,False,False,False,False,True,False,False,False,False,False,False,False,False,False,False,True,False,0,0.037657878468911846,0
19.86,116001,17,0,27,0.7088179468982122,False,False,False,False,False,False,False,False,False,False,False,False,False,True,False,False,True,0,0.0362583564645128,0
77.29,177,14,0,46,0.639265591062901,False,False,False,False,True,False,False,False,False,False,False,False,False,True,False,False,True,0,0.011565242827725343,0
11.97,564,14,4,24,0.7679559264625797,False,False,False,False,False,True,False,False,False,False,False,False,False,True,False,False,True,0,0.015353021629798356,0
69.52,276896,17,0,23,0.9778628277140922,False,False,False,True,False,False,False,False,False,False,False,False,False,True,False,False,True,0,0.002285057561692392,0
9.35,973849,5,4,65,0.7589306429246351,True,False,False,False,False,False,False,False,False,False,False,False,False,False,False,False,False,0,0.15558006545914932,0
108.03,1412,1,1,50,0.3575199605294758,False,False,False,True,False,False,False,False,False,False,False,False,False,False,False,False,False,0,0.059743899871639916,0
3.18,2208,1,0,58,0.5326269769519758,False,False,False,False,False,False,False,False,False,False,True,False,False,True,False,False,False,0,0.07643829599999487,0
134.05,1324,15,1,94,1.1128286666850424,False,False,False,False,False,True,False,False,False,False,False,False,False,False,False,False,True,0,0.008422097089435424,0
83.45,595,21,4,40,0.8113250600499105,False,False,False,False,False,False,False,False,False,False,False,False,False,True,False,True,False,0,0.04004059784927457,0
51.74,3862,5,2,57,0.659997436771536,False,True,False,False,False,False,False,False,False,False,False,False,False,False,False,False,False,0,0.050834010500525474,0
155.48,238602,16,0,27,0.7733567689553206,False,False,False,False,False,False,True,False,False,False,False,False,False,True,False,False,True,0,0.010421427807072876,0
28.62,6508,22,1,39,0.31518689675333267,False,False,False,False,False,False,False,False,False,False,False,False,False,False,False,True,False,0,0.3232676305370598,0
61.23,579,6,1,75,0.747279308210798,False,True,False,False,False,False,False,False,False,False,False,False,False,False,True,False,False,0,0.012800392070110212,0
72.05,320,16,3,59,0.664354100937895,False,False,False,False,False,False,True,False,False,False,False,False,False,False,False,False,True,0,0.01635927105187613,0
79.67,46944,9,1,78,0.16084753484588543,False,True,False,False,False,False,False,False,False,False,False,False,False,True,True,False,False,0,0.01614471068810761,0
9.77,1383,13,1,54,0.7194679297154305,True,False,False,False,False,False,False,False,False,False,False,False,False,True,False,False,True,0,0.02446236438401834,0
42.76,1261,7,2,48,0.7843104536757107,False,False,True,False,False,False,False,False,False,False,False,False,False,True,True,False,False,0,0.006433478192271218,0
55.47,73,0,6,85,0.4519841476799849,False,True,False,False,False,False,False,False,False,False,False,False,False,False,False,False,False,0,0.07610701617249897,0
54.99,7268,3,0,32,0.9652882075421823,False,True,False,False,False,False,False,False,False,False,False,False,False,True,False,False,False,0,0.13929866341986133,0
4.75,106,12,5,36,0.9400238366179815,False,False,False,False,False,False,False,False,False,False,True,False,False,False,False,False,True,0,0.015824325649855153,0
47.44,61,15,5,80,1.2796708022475944,False,False,False,False,False,False,True,False,False,False,False,False,False,False,False,False,True,0,0.034540489939997095,0
135.35,4913,5,0,54,0.8346098341626486,False,False,False,True,False,False,False,False,False,False,False,False,False,False,False,False,False,0,0.022701458564006197,0
124.87,3066,8,3,92,0.9176355999987159,False,False,False,True,False,False,False,False,False,False,False,False,False,False,True,False,False,0,0.023077011946034325,0
2.35,1186,22,1,34,1.0713983719420181,False,False,False,False,False,True,False,False,False,False,False,False,False,False,False,True,False,0,0.14212912431860103,0
54.39,6508,18,1,39,1.191492713883303,False,False,False,False,True,False,False,False,False,False,False,False,False,False,False,True,False,0,0.04529320043119606,0
66.5,1472,3,2,79,0.6110626817733147,False,True,False,False,False,False,False,False,False,False,False,False,False,False,False,False,False,0,0.1455498395590534,0
